num	class	date	field	label
1	1	2002-07-22	"56"	"Boldness"
1	7	2007-07-01	"6513"	"Toddler"
2	9	2000-07-01	"6525"	"Toddler"
3	2	2000-07-01	"6523"	"Toddler"
4	11	2006-11-15	"6667"	"Toddler"
5	11	2006-11-15	"6648"	"Toddler"
6	9	2000-07-01	"675"	"Toddler"
7	3	2010-01-18	"6777"	"Toddler"
8	1	2009-02-15	"6772"	"Toddler"
9	12	2006-08-15	"678"	"Toddler"
10	9	2000-07-01	"6726"	"Toddler"
11	14	2007-08-15	"6738"	"Toddler"
12	12	2006-08-15	"6733"	"Toddler"
13	17	2003-07-01	"6860"	"Toddler"
14	4	2001-07-01	"688"	"Toddler"
15	10	2004-11-15	"6800"	"Toddler"
16	16	2000-10-15	"6975"	"Toddler"
1	1	2009-03-26	"69770"	"Frog"
2	3	2004-11-26	"69771"	"Frog"
3	4	2002-08-20	"69772"	"Frog"
4	8	2004-01-15	"69774"	"Frog"
5	11	2008-05-03	"69781"	"Frog"
6	12	2002-06-15	"69783"	"Frog"
7	14	2008-07-07	"69795"	"Frog"
8	14	2008-07-07	"69798"	"Frog"
9	15	2008-11-03	"69790"	"Frog"
10	17	2003-10-15	"69792"	"Frog"
17	5	2007-02-11	"6970"	"Toddler"
11	22	2005-05-30	"69700"	"Frog"
12	29	2005-09-11	"69718"	"Frog"
13	29	2005-09-11	"69711"	"Frog"
14	33	2004-09-30	"69725"	"Frog"
15	35	2005-01-23	"69726"	"Frog"
16	36	2005-11-25	"69728"	"Frog"
17	6	2003-05-08	"69732"	"Frog"
18	21	2001-09-29	"69871"	"Frog"
19	9	2000-11-22	"69812"	"Frog"
20	10	2002-11-15	"69830"	"Frog"
21	12	2002-06-15	"69953"	"Frog"
22	13	2009-02-16	"69967"	"Frog"
23	31	2004-09-30	"69962"	"Frog"
24	15	2008-11-03	"69979"	"Frog"
25	27	2008-09-22	"69987"	"Frog"
26	23	2005-07-17	"69998"	"Frog"
27	17	2003-10-15	"69918"	"Frog"
28	34	2006-04-01	"69928"	"Frog"
29	13	2009-02-16	"69068"	"Frog"
30	36	2005-11-25	"69062"	"Frog"
31	18	2005-12-27	"69082"	"Frog"
32	35	2005-01-23	"69084"	"Frog"
33	38	2006-11-11	"69091"	"Frog"
34	20	2007-01-04	"69017"	"Frog"
35	37	2003-01-31	"69125"	"Frog"
36	30	2002-06-27	"69260"	"Frog"
37	16	2005-10-24	"69275"	"Frog"
38	5	2001-01-03	"69272"	"Frog"
39	24	2009-01-28	"69207"	"Frog"
40	8	2004-01-15	"69212"	"Frog"
41	6	2003-05-08	"69213"	"Frog"
42	19	2005-05-18	"69224"	"Frog"
43	28	2007-03-04	"69376"	"Frog"
44	27	2008-09-22	"69387"	"Frog"
45	3	2004-11-26	"69309"	"Frog"
46	18	2005-12-27	"69335"	"Frog"
47	32	2008-05-20	"69342"	"Frog"
48	33	2004-09-30	"69456"	"Frog"
49	37	2003-01-31	"69451"	"Frog"
18	13	2008-07-15	"6949"	"Toddler"
50	21	2001-09-29	"69400"	"Frog"
51	4	2002-08-20	"69401"	"Frog"
52	10	2002-11-15	"69402"	"Frog"
53	26	2008-02-25	"60564"	"Frog"
54	34	2006-04-01	"60579"	"Frog"
55	22	2005-05-30	"60588"	"Frog"
56	32	2008-05-20	"60590"	"Frog"
57	3	2004-11-26	"60503"	"Frog"
58	7	2006-11-17	"60525"	"Frog"
59	11	2008-05-03	"60548"	"Frog"
60	25	2007-10-17	"60549"	"Frog"
61	23	2005-07-17	"60543"	"Frog"
62	37	2003-01-31	"60659"	"Frog"
63	19	2005-05-18	"60617"	"Frog"
64	2	2007-11-19	"60626"	"Frog"
65	23	2005-07-17	"60789"	"Frog"
66	25	2007-10-17	"60796"	"Frog"
67	14	2008-07-07	"60749"	"Frog"
68	20	2007-01-04	"60878"	"Frog"
69	32	2008-05-20	"60872"	"Frog"
70	35	2005-01-23	"60874"	"Frog"
71	33	2004-09-30	"60886"	"Frog"
72	38	2006-11-11	"60837"	"Frog"
73	26	2008-02-25	"60844"	"Frog"
74	19	2005-05-18	"60990"	"Frog"
19	11	2006-11-15	"6094"	"Toddler"
75	29	2005-09-11	"60940"	"Frog"
20	13	2008-07-15	"600"	"Toddler"
76	38	2006-11-11	"60099"	"Frog"
77	8	2004-01-15	"60017"	"Frog"
78	31	2004-09-30	"60029"	"Frog"
79	26	2008-02-25	"60043"	"Frog"
21	6	2006-07-01	"601"	"Toddler"
80	32	2008-05-20	"60158"	"Frog"
81	19	2005-05-18	"60150"	"Frog"
82	15	2008-11-03	"60154"	"Frog"
83	14	2008-07-07	"60181"	"Frog"
84	1	2009-03-26	"60287"	"Frog"
85	28	2007-03-04	"60282"	"Frog"
86	13	2009-02-16	"60231"	"Frog"
87	28	2007-03-04	"60232"	"Frog"
88	27	2008-09-22	"60354"	"Frog"
89	34	2006-04-01	"60371"	"Frog"
90	18	2005-12-27	"60390"	"Frog"
91	38	2006-11-11	"60392"	"Frog"
22	5	2007-02-11	"6031"	"Toddler"
92	13	2009-02-16	"60473"	"Frog"
93	1	2009-03-26	"60409"	"Frog"
23	13	2008-07-15	"6043"	"Toddler"
94	6	2003-05-08	"61799"	"Frog"
95	24	2009-01-28	"61706"	"Frog"
96	23	2005-07-17	"61717"	"Frog"
24	3	2010-01-18	"6173"	"Toddler"
98	12	2002-06-15	"61945"	"Frog"
99	1	2009-03-26	"61946"	"Frog"
100	2	2007-11-19	"61947"	"Frog"
101	6	2003-05-08	"61940"	"Frog"
102	7	2006-11-17	"61941"	"Frog"
103	7	2006-11-17	"61056"	"Frog"
104	10	2002-11-15	"61059"	"Frog"
105	8	2004-01-15	"61051"	"Frog"
106	22	2005-05-30	"61052"	"Frog"
107	9	2000-11-22	"61053"	"Frog"
108	9	2000-11-22	"61054"	"Frog"
109	10	2002-11-15	"61065"	"Frog"
110	11	2008-05-03	"61067"	"Frog"
111	12	2002-06-15	"61069"	"Frog"
112	15	2008-11-03	"61076"	"Frog"
113	16	2005-10-24	"61070"	"Frog"
114	17	2003-10-15	"61072"	"Frog"
115	17	2003-10-15	"61073"	"Frog"
116	29	2005-09-11	"61085"	"Frog"
117	20	2007-01-04	"61087"	"Frog"
118	2	2007-11-19	"61088"	"Frog"
119	21	2001-09-29	"61082"	"Frog"
120	21	2001-09-29	"61084"	"Frog"
121	3	2004-11-26	"61096"	"Frog"
122	24	2009-01-28	"61092"	"Frog"
123	25	2007-10-17	"61093"	"Frog"
124	30	2002-06-27	"61005"	"Frog"
125	31	2004-09-30	"61009"	"Frog"
126	36	2005-11-25	"61012"	"Frog"
127	34	2006-04-01	"61013"	"Frog"
128	4	2002-08-20	"61028"	"Frog"
129	37	2003-01-31	"61023"	"Frog"
130	5	2001-01-03	"61030"	"Frog"
131	30	2002-06-27	"61139"	"Frog"
132	11	2008-05-03	"61240"	"Frog"
133	16	2005-10-24	"61315"	"Frog"
25	10	2004-11-15	"614"	"Toddler"
26	17	2003-07-01	"6148"	"Toddler"
134	35	2005-01-23	"62596"	"Frog"
135	22	2005-05-30	"62675"	"Frog"
136	5	2001-01-03	"62600"	"Frog"
137	25	2007-10-17	"62792"	"Frog"
138	26	2008-02-25	"62704"	"Frog"
139	36	2005-11-25	"62716"	"Frog"
140	27	2008-09-22	"62710"	"Frog"
141	28	2007-03-04	"62861"	"Frog"
142	4	2002-08-20	"62956"	"Frog"
27	15	2003-05-15	"6246"	"Toddler"
28	1	2009-02-15	"63"	"Toddler"
29	5	2007-02-11	"6353"	"Toddler"
30	16	2000-10-15	"6373"	"Toddler"
31	6	2006-07-01	"6397"	"Toddler"
32	11	2006-11-15	"6311"	"Toddler"
33	10	2004-11-15	"6314"	"Toddler"
34	3	2010-01-18	"6460"	"Toddler"
35	4	2001-07-01	"6463"	"Toddler"
36	2	2000-07-01	"76"	"Toddler"
37	17	2003-07-01	"7680"	"Toddler"
38	17	2003-07-01	"7694"	"Toddler"
144	24	2009-01-28	"71797"	"Frog"
39	9	2000-07-01	"749"	"Toddler"
40	2	2000-07-01	"873"	"Toddler"
41	16	2000-10-15	"896"	"Toddler"
42	5	2007-02-11	"972"	"Toddler"
43	1	2009-02-15	"916"	"Toddler"
44	1	2009-02-15	"089"	"Toddler"
45	16	2000-10-15	"032"	"Toddler"
46	6	2006-07-01	"042"	"Toddler"
47	3	2010-01-18	"12"	"Toddler"
48	7	2007-07-01	"124"	"Toddler"
49	15	2003-05-15	"145"	"Toddler"
50	4	2001-07-01	"484"	"Toddler"
51	7	2007-07-01	"491"	"Toddler"
2	6	2008-12-13	"57"	"Boldness"
3	5	2004-05-14	"50"	"Boldness"
4	9	2001-07-15	"51"	"Boldness"
5	3	2009-08-06	"52"	"Boldness"
6	9	2001-07-15	"53"	"Boldness"
7	8	2007-02-27	"54"	"Boldness"
1	1	2000-09-01	"6"	"Wigwam"
1	1	2003-03-05	"6"	"Sympathy"
1	1	2004-08-30	"6"	"Regularity"
1	2	2005-10-15	"6"	"Condiment"
10	10	2008-01-17	"65"	"Sympathy"
10	16	2005-10-21	"65"	"Screening"
10	50	2000-09-15	"65"	"Wigwam"
8	8	2007-02-27	"65"	"Boldness"
9	3	2007-02-20	"65"	"Regularity"
2	6	2009-02-18	"655"	"Condiment"
94	50	2000-09-15	"655"	"Wigwam"
36	12	2001-05-07	"6556"	"Pity"
1	12	2006-09-27	"65510"	"Delegate"
1	3	2004-06-15	"656"	"Leech"
17	2	2005-11-08	"656"	"Sympathy"
3	3	2007-04-12	"656"	"Condiment"
95	43	2008-06-18	"656"	"Wigwam"
40	21	2009-12-28	"65675"	"Jabbing"
41	10	2008-07-16	"65676"	"Jabbing"
36	9	2005-03-16	"6563597"	"Little"
2	1	2005-10-26	"65645"	"Regression"
18	2	2005-11-08	"657"	"Sympathy"
2	12	2006-06-15	"657"	"Leech"
70	6	2002-06-10	"657"	"Regularity"
96	49	2004-07-15	"657"	"Wigwam"
2	10	2003-05-02	"6575t55"	"Delegate"
3	11	2008-05-15	"65785"	"Delegate"
3	2	2001-11-13	"65716"	"Regression"
4	3	2007-08-08	"65732"	"Regression"
19	2	2005-11-08	"658"	"Sympathy"
71	7	2003-09-24	"658"	"Regularity"
5	121	2007-06-26	"65811"	"Regression"
20	3	2004-04-15	"659"	"Sympathy"
6	4	2002-05-21	"65959"	"Regression"
7	74	2003-03-10	"65962"	"Regression"
37	10	2004-06-01	"6597363"	"Little"
8	138	2002-11-15	"65989"	"Regression"
105	21	2006-03-09	"650"	"Screening"
21	3	2004-04-15	"650"	"Sympathy"
72	10	2008-05-26	"650"	"Regularity"
4	12	2006-09-27	"6505t56"	"Delegate"
9	5	2002-09-09	"65051"	"Regression"
38	10	2004-06-01	"6507695"	"Little"
106	32	2006-08-23	"651"	"Screening"
22	3	2004-04-15	"651"	"Sympathy"
5	3	2001-11-19	"65170"	"Delegate"
107	28	2006-10-02	"652"	"Screening"
23	4	2004-03-01	"652"	"Sympathy"
73	10	2008-05-26	"652"	"Regularity"
39	4	2003-07-01	"6528212"	"Little"
37	1	2007-12-18	"6521"	"Pity"
20	7	2007-04-19	"6522"	"Jabbing"
42	4	2004-01-09	"65225"	"Jabbing"
40	3	2008-04-23	"6524752"	"Little"
108	27	2004-03-09	"653"	"Screening"
24	1	2003-03-05	"653"	"Sympathy"
4	1	2004-10-28	"653"	"Condiment"
10	6	2005-07-29	"65374"	"Regression"
41	7	2008-06-15	"6538159"	"Little"
109	14	2005-01-05	"654"	"Screening"
25	4	2004-03-01	"654"	"Sympathy"
74	14	2008-02-12	"654"	"Regularity"
6	9	2005-12-15	"65493"	"Delegate"
11	10	2000-11-10	"65434"	"Regression"
10	3	2007-02-20	"66"	"Regularity"
11	11	2005-07-15	"66"	"Sympathy"
11	2	2005-05-17	"66"	"Screening"
11	5	2002-08-07	"66"	"Wigwam"
3	4	2004-07-06	"66"	"Leech"
26	4	2004-03-01	"665"	"Sympathy"
75	17	2003-04-06	"665"	"Regularity"
7	4	2006-06-24	"6652t56"	"Delegate"
111	28	2006-10-02	"666"	"Screening"
27	5	2005-06-15	"666"	"Sympathy"
76	17	2003-04-06	"666"	"Regularity"
8	11	2008-05-15	"666t57"	"Delegate"
42	9	2005-03-16	"6660521"	"Little"
28	5	2005-06-15	"667"	"Sympathy"
43	2	2007-01-31	"6679279"	"Little"
38	25	2003-06-29	"6670"	"Pity"
9	6	2005-06-06	"66721"	"Delegate"
113	30	2007-05-30	"668"	"Screening"
2	25	2003-06-29	"668"	"Pity"
29	5	2005-06-15	"668"	"Sympathy"
30	6	2010-01-15	"669"	"Sympathy"
12	73	2005-07-30	"66963"	"Regression"
13	28	2003-08-21	"66985"	"Regression"
39	22	2003-07-09	"6691"	"Pity"
115	31	2007-02-24	"660"	"Screening"
31	1	2003-03-05	"660"	"Sympathy"
10	10	2003-05-02	"660t43"	"Delegate"
11	6	2005-06-06	"66028"	"Delegate"
116	6	2005-10-31	"661"	"Screening"
32	6	2010-01-15	"661"	"Sympathy"
14	137	2003-03-02	"66163"	"Regression"
15	93	2002-09-11	"66164"	"Regression"
16	7	2001-11-23	"66171"	"Regression"
41	26	2001-12-05	"6618"	"Pity"
43	6	2010-03-23	"66137"	"Jabbing"
12	5	2007-09-15	"66134"	"Delegate"
117	36	2007-04-01	"662"	"Screening"
33	6	2010-01-15	"662"	"Sympathy"
44	9	2005-03-16	"6626473"	"Little"
42	3	2004-05-07	"6620"	"Pity"
1	11	2001-07-01	"66215"	"Invariant"
13	11	2008-05-15	"66246"	"Delegate"
118	31	2007-02-24	"663"	"Screening"
34	7	2005-06-23	"663"	"Sympathy"
14	7	2005-04-11	"66339"	"Delegate"
119	21	2006-03-09	"664"	"Screening"
35	7	2005-06-23	"664"	"Sympathy"
17	8	2003-10-10	"66458"	"Regression"
15	8	2009-02-24	"66498"	"Delegate"
43	14	2007-06-24	"6641"	"Pity"
16	4	2006-06-24	"6642t50"	"Delegate"
1	5	2006-12-28	"67"	"Jabbing"
11	3	2007-08-22	"67"	"Regularity"
12	12	2009-10-13	"67"	"Sympathy"
12	21	2006-03-09	"67"	"Screening"
12	51	2008-04-10	"67"	"Wigwam"
5	17	2009-05-04	"67"	"Leech"
5	7	2008-09-04	"67"	"Condiment"
120	16	2005-10-21	"675"	"Screening"
36	7	2005-06-23	"675"	"Sympathy"
44	12	2008-05-06	"67569"	"Jabbing"
1	91202	2009-10-21	"6757"	"Reveller"
2	7	2006-06-19	"67544"	"Invariant"
121	33	2006-08-21	"676"	"Screening"
37	8	2006-10-15	"676"	"Sympathy"
18	9	2000-12-20	"67655"	"Regression"
17	2	2006-06-13	"67667"	"Delegate"
122	36	2007-04-01	"677"	"Screening"
38	8	2006-10-15	"677"	"Sympathy"
123	32	2006-08-23	"678"	"Screening"
39	8	2006-10-15	"678"	"Sympathy"
6	7	2008-09-04	"678"	"Condiment"
8	3	2007-09-13	"678"	"Jabbing"
124	33	2006-08-21	"679"	"Screening"
3	20	2008-06-27	"679"	"Pity"
40	1	2003-03-05	"679"	"Sympathy"
18	5	2007-09-15	"67980"	"Delegate"
44	14	2007-06-24	"6794"	"Pity"
125	3	2006-03-15	"670"	"Screening"
41	10	2008-01-17	"670"	"Sympathy"
3	9	2007-11-11	"67063"	"Invariant"
19	149	2001-12-15	"67079"	"Regression"
45	24	2006-04-18	"6709"	"Pity"
20	40	2008-06-07	"67001"	"Regression"
126	3	2006-03-15	"671"	"Screening"
4	17	2007-10-30	"671"	"Pity"
42	10	2008-01-17	"671"	"Sympathy"
2	3	2005-06-15	"6716"	"Sweetheart"
4	13	2008-02-06	"67185"	"Invariant"
127	3	2006-03-15	"672"	"Screening"
43	10	2008-01-17	"672"	"Sympathy"
19	11	2008-05-15	"672t55"	"Delegate"
5	1	2007-01-15	"67216"	"Invariant"
128	34	2004-07-29	"673"	"Screening"
44	11	2005-07-15	"673"	"Sympathy"
21	74	2003-03-10	"67375"	"Regression"
22	10	2000-11-10	"67397"	"Regression"
129	28	2006-10-02	"674"	"Screening"
45	11	2005-07-15	"674"	"Sympathy"
5	22	2003-07-09	"674"	"Pity"
3	40	2001-09-26	"6746"	"Sweetheart"
6	12	2009-02-20	"67466"	"Invariant"
2	91295	2009-10-28	"6740"	"Reveller"
7	13	2008-02-06	"67412"	"Invariant"
12	4	2006-08-04	"68"	"Regularity"
13	13	2006-04-01	"68"	"Sympathy"
13	3	2006-03-15	"68"	"Screening"
13	51	2008-04-10	"68"	"Wigwam"
6	15	2007-06-12	"68"	"Leech"
9	3	2009-08-06	"68"	"Boldness"
130	34	2004-07-29	"685"	"Screening"
46	11	2005-07-15	"685"	"Sympathy"
23	75	2004-10-01	"68580"	"Regression"
131	7	2006-03-03	"686"	"Screening"
47	9	2005-07-14	"686"	"Sympathy"
24	183	2009-03-17	"68600"	"Regression"
25	124	2007-01-21	"68603"	"Regression"
132	4	2003-01-08	"687"	"Screening"
48	9	2005-07-14	"687"	"Sympathy"
7	26	2010-02-05	"687"	"Leech"
21	8	2002-04-24	"6872"	"Jabbing"
49	9	2005-07-14	"688"	"Sympathy"
8	6	2005-02-10	"688"	"Leech"
9	14	2007-07-05	"688"	"Jabbing"
26	148	2006-04-11	"68876"	"Regression"
27	191	2003-07-01	"68872"	"Regression"
28	173	2003-04-02	"68895"	"Regression"
29	11	2002-06-11	"68808"	"Regression"
30	12	2002-02-18	"68825"	"Regression"
45	18	2006-06-24	"68826"	"Jabbing"
50	12	2009-10-13	"689"	"Sympathy"
31	193	2007-03-07	"68966"	"Regression"
46	17	2005-11-15	"68960"	"Jabbing"
32	114	2002-08-02	"68945"	"Regression"
135	31	2007-02-24	"680"	"Screening"
51	12	2009-10-13	"680"	"Sympathy"
22	9	2003-03-10	"6805"	"Jabbing"
33	178	2003-05-31	"68067"	"Regression"
34	13	2004-10-16	"68079"	"Regression"
35	14	2003-03-19	"68071"	"Regression"
136	36	2007-04-01	"681"	"Screening"
52	12	2009-10-13	"681"	"Sympathy"
20	6	2005-06-06	"6811t56"	"Delegate"
47	18	2006-06-24	"68112"	"Jabbing"
8	12	2009-02-20	"68112"	"Invariant"
4	35	2003-09-21	"6812"	"Sweetheart"
46	12	2001-05-07	"6814"	"Pity"
137	27	2004-03-09	"682"	"Screening"
53	13	2006-04-01	"682"	"Sympathy"
36	177	2006-12-28	"68275"	"Regression"
47	2	2009-02-27	"6828"	"Pity"
138	30	2007-05-30	"683"	"Screening"
54	13	2006-04-01	"683"	"Sympathy"
37	15	2007-12-19	"68353"	"Regression"
38	155	2003-05-06	"68360"	"Regression"
39	16	2001-09-15	"68373"	"Regression"
40	171	2008-11-13	"68329"	"Regression"
41	140	2008-04-19	"68346"	"Regression"
42	169	2002-05-18	"68343"	"Regression"
139	7	2006-03-03	"684"	"Screening"
55	13	2006-04-01	"684"	"Sympathy"
10	2	2007-08-25	"69"	"Boldness"
13	4	2006-08-04	"69"	"Regularity"
14	14	2010-03-15	"69"	"Sympathy"
14	2	2005-04-12	"69"	"Wigwam"
140	36	2007-04-01	"695"	"Screening"
56	14	2010-03-15	"695"	"Sympathy"
43	152	2000-04-10	"69570"	"Regression"
48	8	2003-01-20	"6958"	"Pity"
44	17	2008-03-31	"69589"	"Regression"
49	17	2007-10-30	"6959"	"Pity"
141	30	2007-05-30	"696"	"Screening"
57	14	2010-03-15	"696"	"Sympathy"
9	21	2009-12-23	"696"	"Leech"
45	19	2004-12-09	"69660"	"Regression"
10	21	2009-12-23	"697"	"Leech"
142	6	2005-10-31	"697"	"Screening"
58	14	2010-03-15	"697"	"Sympathy"
3	91202	2009-10-21	"6975"	"Reveller"
46	154	2007-02-14	"69779"	"Regression"
50	2	2009-02-27	"6971"	"Pity"
51	3	2004-05-07	"6973"	"Pity"
11	21	2009-12-23	"698"	"Leech"
143	33	2006-08-21	"698"	"Screening"
59	15	2006-07-10	"698"	"Sympathy"
47	85	2002-06-20	"69872"	"Regression"
144	7	2006-03-03	"699"	"Screening"
60	15	2006-07-10	"699"	"Sympathy"
61	15	2006-07-10	"690"	"Sympathy"
7	2	2005-10-15	"690"	"Condiment"
52	8	2003-01-20	"6909"	"Pity"
62	16	2005-01-07	"691"	"Sympathy"
48	7	2007-04-19	"69175"	"Jabbing"
4	1	2002-11-11	"691932"	"Little"
48	104	2007-05-04	"69194"	"Regression"
54	11	2006-08-22	"6914"	"Pity"
63	16	2005-01-07	"692"	"Sympathy"
49	127	2008-04-15	"69252"	"Regression"
50	26	2007-10-09	"69271"	"Regression"
64	16	2005-01-07	"693"	"Sympathy"
51	18	2004-12-22	"69428"	"Regression"
11	9	2001-07-15	"60"	"Boldness"
15	15	2006-07-10	"60"	"Sympathy"
15	31	2004-05-02	"60"	"Wigwam"
15	4	2003-01-08	"60"	"Screening"
52	193	2007-03-07	"60553"	"Regression"
55	25	2003-06-29	"6057"	"Pity"
53	179	2007-08-09	"60583"	"Regression"
49	19	2001-09-15	"60508"	"Jabbing"
12	9	2005-06-19	"606"	"Leech"
54	125	2005-09-15	"60692"	"Regression"
13	22	2007-09-05	"607"	"Leech"
55	115	2006-11-22	"60766"	"Regression"
56	17	2008-03-31	"60798"	"Regression"
14	6	2005-02-10	"608"	"Leech"
57	87	2004-05-15	"60854"	"Regression"
8	35	2003-09-21	"6086"	"Sweetheart"
58	19	2004-12-09	"60864"	"Regression"
59	101	2003-07-07	"60875"	"Regression"
50	1	2008-03-31	"60890"	"Jabbing"
60	20	2003-06-28	"60807"	"Regression"
61	21	2001-10-29	"60808"	"Regression"
62	166	2007-02-23	"60833"	"Regression"
63	22	2006-01-18	"60849"	"Regression"
64	52	2006-06-22	"60840"	"Regression"
65	23	2006-06-28	"60843"	"Regression"
66	109	2008-09-24	"60965"	"Regression"
9	12	2005-09-20	"6092"	"Sweetheart"
67	24	2003-10-25	"60176"	"Regression"
68	25	2002-02-10	"60172"	"Regression"
51	13	2010-03-11	"60111"	"Jabbing"
69	78	2006-11-01	"60255"	"Regression"
70	120	2001-11-29	"60361"	"Regression"
71	26	2007-10-09	"60393"	"Regression"
72	189	2005-07-13	"60314"	"Regression"
73	156	2001-01-15	"60321"	"Regression"
74	138	2002-11-15	"60339"	"Regression"
75	21	2001-10-29	"60476"	"Regression"
56	5	2002-06-01	"6049"	"Pity"
76	193	2007-03-07	"60439"	"Regression"
77	27	2008-10-08	"60442"	"Regression"
12	6	2008-12-13	"61"	"Boldness"
14	4	2006-08-04	"61"	"Regularity"
16	16	2005-01-07	"61"	"Sympathy"
16	17	2002-05-09	"61"	"Screening"
16	75	2003-04-29	"61"	"Wigwam"
8	5	2009-03-19	"61"	"Condiment"
78	28	2003-08-21	"61557"	"Regression"
79	50	2006-11-15	"61595"	"Regression"
80	29	2003-12-05	"61523"	"Regression"
81	120	2001-11-29	"61538"	"Regression"
82	20	2003-06-28	"61547"	"Regression"
15	16	2009-04-15	"616"	"Leech"
6	16	2008-04-15	"616"	"Pity"
4	93725	2006-03-10	"6165"	"Reveller"
83	30	2006-05-01	"61655"	"Regression"
84	31	2007-12-10	"61659"	"Regression"
85	175	2008-08-13	"61650"	"Regression"
86	32	2000-08-04	"61661"	"Regression"
5	91612	2007-08-15	"6167"	"Reveller"
87	33	2002-11-29	"61694"	"Regression"
88	107	2006-02-27	"61601"	"Regression"
89	34	2009-03-27	"61629"	"Regression"
90	91	2006-05-15	"61647"	"Regression"
16	13	2007-03-01	"617"	"Leech"
6	91202	2009-10-21	"6175"	"Reveller"
91	9	2000-12-20	"61755"	"Regression"
92	91	2006-05-15	"61776"	"Regression"
93	202	2006-03-06	"61779"	"Regression"
94	39	2000-06-29	"61773"	"Regression"
95	154	2007-02-14	"61774"	"Regression"
96	139	2008-05-03	"61789"	"Regression"
97	53	2002-06-01	"61717"	"Regression"
57	3	2004-05-07	"6173"	"Pity"
98	6	2005-07-29	"61743"	"Regression"
17	4	2004-07-06	"618"	"Leech"
99	35	2006-01-31	"61868"	"Regression"
100	36	2006-06-26	"61874"	"Regression"
101	104	2007-05-04	"61886"	"Regression"
102	71	2007-11-08	"61805"	"Regression"
103	37	2005-10-24	"61823"	"Regression"
104	42	2001-09-28	"61832"	"Regression"
58	24	2006-04-18	"6195"	"Pity"
105	38	2008-09-27	"61965"	"Regression"
106	39	2000-06-29	"61986"	"Regression"
107	131	2007-04-04	"61916"	"Regression"
108	155	2003-05-06	"61913"	"Regression"
10	14	2007-03-20	"6193"	"Sweetheart"
109	41	2002-02-22	"61933"	"Regression"
110	31	2007-12-10	"61076"	"Regression"
111	75	2004-10-01	"61078"	"Regression"
112	31	2007-12-10	"61087"	"Regression"
113	40	2008-06-07	"61005"	"Regression"
114	43	2001-09-20	"61026"	"Regression"
115	41	2002-02-22	"61035"	"Regression"
116	42	2001-09-28	"61042"	"Regression"
117	83	2005-04-25	"61158"	"Regression"
118	147	2007-02-15	"61159"	"Regression"
119	197	2000-07-01	"61153"	"Regression"
120	41	2002-02-22	"61189"	"Regression"
121	43	2001-09-20	"61182"	"Regression"
122	44	2000-04-28	"61100"	"Regression"
123	47	2001-02-07	"61115"	"Regression"
124	139	2008-05-03	"61116"	"Regression"
125	131	2007-04-04	"61135"	"Regression"
126	65	2008-12-18	"61144"	"Regression"
127	30	2006-05-01	"61255"	"Regression"
128	137	2003-03-02	"61252"	"Regression"
129	74	2003-03-10	"61262"	"Regression"
130	45	2000-06-16	"61277"	"Regression"
131	158	2006-12-08	"61205"	"Regression"
52	21	2009-12-28	"61211"	"Jabbing"
11	44	2003-01-30	"6122"	"Sweetheart"
132	47	2001-02-07	"61228"	"Regression"
5	2	2007-01-31	"613793"	"Little"
133	128	2003-03-14	"61372"	"Regression"
134	157	2008-09-05	"61399"	"Regression"
7	91848	2009-11-04	"6131"	"Reveller"
13	30	2008-12-02	"6132"	"Sweetheart"
135	166	2007-02-23	"61327"	"Regression"
136	149	2001-12-15	"61323"	"Regression"
137	31	2007-12-10	"61337"	"Regression"
138	46	2005-08-26	"61339"	"Regression"
139	36	2006-06-26	"61348"	"Regression"
140	47	2001-02-07	"61467"	"Regression"
14	18	2005-08-01	"6147"	"Sweetheart"
141	119	2008-11-18	"61403"	"Regression"
142	66	2003-09-15	"61437"	"Regression"
13	7	2009-12-15	"62"	"Boldness"
15	5	2001-11-21	"62"	"Regularity"
17	31	2004-05-02	"62"	"Wigwam"
143	48	2002-09-25	"62550"	"Regression"
59	15	2006-09-04	"6256"	"Pity"
144	49	2008-02-08	"62563"	"Regression"
15	24	2002-01-17	"6257"	"Sweetheart"
145	2	2001-11-13	"62579"	"Regression"
146	19	2004-12-09	"62592"	"Regression"
147	88	2005-08-10	"62525"	"Regression"
148	179	2007-08-09	"62527"	"Regression"
53	18	2006-06-24	"62529"	"Jabbing"
149	50	2006-11-15	"62536"	"Regression"
150	90	2008-08-08	"62530"	"Regression"
18	19	2010-01-15	"626"	"Leech"
151	170	2008-04-30	"62658"	"Regression"
152	26	2007-10-09	"62650"	"Regression"
153	51	2002-02-10	"62672"	"Regression"
154	139	2008-05-03	"62607"	"Regression"
60	20	2008-06-27	"6263"	"Pity"
155	39	2000-06-29	"62644"	"Regression"
19	11	2006-06-15	"627"	"Leech"
156	124	2007-01-21	"62777"	"Regression"
157	110	2009-02-04	"62779"	"Regression"
158	107	2006-02-27	"62786"	"Regression"
159	133	2008-02-10	"62789"	"Regression"
160	106	2007-10-13	"62798"	"Regression"
161	52	2006-06-22	"62790"	"Regression"
162	49	2008-02-08	"62792"	"Regression"
163	168	2007-11-05	"62715"	"Regression"
164	99	2006-03-17	"62712"	"Regression"
165	59	2006-12-19	"62727"	"Regression"
166	16	2001-09-15	"62745"	"Regression"
20	25	2009-11-01	"628"	"Leech"
61	16	2008-04-15	"6286"	"Pity"
167	57	2006-07-03	"62860"	"Regression"
168	174	2005-03-26	"62873"	"Regression"
169	136	2006-02-23	"62811"	"Regression"
170	53	2002-06-01	"62831"	"Regression"
171	88	2005-08-10	"62840"	"Regression"
172	172	2009-01-16	"62953"	"Regression"
174	54	2003-09-23	"62970"	"Regression"
175	125	2005-09-15	"62987"	"Regression"
177	76	2005-02-26	"62909"	"Regression"
178	148	2006-04-11	"62923"	"Regression"
23	10	2008-07-16	"6294"	"Jabbing"
181	58	2006-11-15	"62941"	"Regression"
182	78	2006-11-01	"62054"	"Regression"
183	46	2005-08-26	"62086"	"Regression"
185	132	2007-02-02	"62084"	"Regression"
187	42	2001-09-28	"62022"	"Regression"
188	55	2007-08-17	"62030"	"Regression"
189	90	2008-08-08	"62176"	"Regression"
6	5	2003-09-16	"621700"	"Little"
190	188	2004-11-10	"62189"	"Regression"
8	91764	2007-08-30	"6219"	"Reveller"
192	201	2006-05-14	"62114"	"Regression"
193	144	2008-07-15	"62127"	"Regression"
196	63	2008-10-10	"62258"	"Regression"
199	158	2006-12-08	"62264"	"Regression"
200	163	2008-02-29	"62278"	"Regression"
201	147	2007-02-15	"62272"	"Regression"
206	64	2008-12-29	"62203"	"Regression"
7	9	2005-03-16	"622123"	"Little"
9	94387	2005-05-13	"6233"	"Reveller"
63	17	2007-10-30	"6240"	"Pity"
64	13	2009-03-15	"6242"	"Pity"
14	6	2008-12-13	"63"	"Boldness"
16	5	2001-11-21	"63"	"Regularity"
18	51	2008-04-10	"63"	"Wigwam"
214	200	2005-11-27	"63550"	"Regression"
16	14	2007-03-20	"6356"	"Sweetheart"
215	57	2006-07-03	"63560"	"Regression"
216	58	2006-11-15	"63594"	"Regression"
217	129	2002-03-01	"63506"	"Regression"
218	59	2006-12-19	"63503"	"Regression"
219	65	2008-12-18	"63537"	"Regression"
220	60	2000-06-16	"63658"	"Regression"
221	61	2000-07-01	"63672"	"Regression"
222	62	2001-03-13	"63685"	"Regression"
223	68	2007-12-07	"63680"	"Regression"
224	55	2007-08-17	"63683"	"Regression"
225	151	2002-07-01	"63695"	"Regression"
226	182	2003-08-01	"63690"	"Regression"
227	84	2002-01-21	"63613"	"Regression"
21	14	2007-03-13	"637"	"Leech"
228	180	2000-07-15	"63757"	"Regression"
229	76	2005-02-26	"63763"	"Regression"
231	35	2006-01-31	"63794"	"Regression"
232	102	2004-10-06	"63722"	"Regression"
22	7	2005-02-15	"638"	"Leech"
234	63	2008-10-10	"63854"	"Regression"
235	49	2008-02-08	"63898"	"Regression"
236	56	2008-07-01	"63815"	"Regression"
237	136	2006-02-23	"63811"	"Regression"
65	22	2003-07-09	"6382"	"Pity"
238	138	2002-11-15	"63821"	"Regression"
17	44	2003-01-30	"6383"	"Sweetheart"
239	174	2005-03-26	"63847"	"Regression"
240	126	2004-08-15	"63954"	"Regression"
241	70	2004-01-15	"63982"	"Regression"
242	93	2002-09-11	"63995"	"Regression"
243	192	2006-12-04	"63999"	"Regression"
1	184677	2001-07-21	"639122"	"Millimeter"
10	91848	2009-11-04	"6393"	"Reveller"
18	2	2004-02-02	"6305"	"Sweetheart"
11	91855	2006-02-22	"6300"	"Reveller"
244	64	2008-12-29	"63008"	"Regression"
245	65	2008-12-18	"63015"	"Regression"
247	28	2003-08-21	"63048"	"Regression"
248	108	2006-09-04	"63042"	"Regression"
249	27	2008-10-08	"63166"	"Regression"
66	13	2009-03-15	"6317"	"Pity"
250	55	2007-08-17	"63178"	"Regression"
9	1	2004-10-28	"632"	"Condiment"
255	66	2003-09-15	"63210"	"Regression"
256	67	2006-01-16	"63224"	"Regression"
260	75	2004-10-01	"63240"	"Regression"
261	187	2004-11-29	"63358"	"Regression"
262	176	2004-09-11	"63360"	"Regression"
263	155	2003-05-06	"63383"	"Regression"
264	192	2006-12-04	"63399"	"Regression"
9	2	2004-03-03	"6330"	"Invariant"
12	93725	2006-03-10	"6332"	"Reveller"
265	68	2007-12-07	"63328"	"Regression"
266	1	2005-10-26	"63338"	"Regression"
272	122	2008-02-17	"63405"	"Regression"
274	105	2007-04-15	"63403"	"Regression"
275	191	2003-07-01	"63428"	"Regression"
10	14	2001-07-01	"64"	"Invariant"
17	5	2001-11-21	"64"	"Regularity"
19	8	2007-05-06	"64"	"Wigwam"
2	16	2000-04-18	"64"	"Jabbing"
10	2	2005-10-15	"645"	"Condiment"
278	95	2008-11-27	"64591"	"Regression"
23	8	2005-06-15	"646"	"Leech"
21	7	2005-04-11	"646t57"	"Delegate"
283	199	2001-03-14	"64671"	"Regression"
67	16	2008-04-15	"6468"	"Pity"
286	77	2007-09-27	"64618"	"Regression"
289	40	2008-06-07	"64639"	"Regression"
24	8	2005-06-15	"647"	"Leech"
13	94426	2008-05-15	"6476"	"Reveller"
293	105	2007-04-15	"64719"	"Regression"
25	7	2005-02-15	"648"	"Leech"
297	71	2007-11-08	"64815"	"Regression"
19	7	2006-09-19	"6491"	"Sweetheart"
11	14	2001-07-01	"6444"	"Invariant"
2	1	2004-08-30	"7"	"Regularity"
2	2	2005-04-12	"7"	"Wigwam"
2	2	2005-11-08	"7"	"Sympathy"
15	7	2009-12-15	"75"	"Boldness"
18	5	2001-11-21	"75"	"Regularity"
20	31	2004-05-02	"75"	"Wigwam"
14	94092	2004-02-14	"7551"	"Reveller"
11	3	2007-04-12	"756"	"Condiment"
26	9	2005-06-19	"756"	"Leech"
15	92739	2009-08-15	"7562"	"Reveller"
10	4	2004-01-09	"757"	"Jabbing"
12	5	2009-03-19	"757"	"Condiment"
27	27	2010-03-15	"757"	"Leech"
24	8	2002-04-24	"7585"	"Jabbing"
13	5	2009-03-19	"752"	"Condiment"
14	3	2007-04-12	"753"	"Condiment"
17	92080	2006-10-05	"7535"	"Reveller"
2	184677	2001-07-21	"754799"	"Millimeter"
16	4	2007-03-14	"76"	"Boldness"
19	6	2002-06-10	"76"	"Regularity"
28	10	2005-07-15	"76"	"Leech"
25	9	2003-03-10	"7652"	"Jabbing"
29	3	2004-06-15	"766"	"Leech"
20	15	2008-09-09	"7666"	"Sweetheart"
3	241866	2002-02-17	"766314"	"Millimeter"
30	23	2007-09-15	"767"	"Leech"
31	11	2006-06-15	"768"	"Leech"
15	7	2008-09-04	"769"	"Condiment"
18	93725	2006-03-10	"7622"	"Reveller"
54	14	2007-07-05	"76324"	"Jabbing"
19	92080	2006-10-05	"7645"	"Reveller"
17	10	2002-06-15	"77"	"Boldness"
20	6	2002-06-10	"77"	"Regularity"
21	96	2006-01-31	"77"	"Wigwam"
32	13	2007-03-01	"77"	"Leech"
21	3	2005-06-15	"7751"	"Sweetheart"
33	4	2004-07-06	"776"	"Leech"
34	2	2003-07-15	"777"	"Leech"
35	18	2009-06-02	"778"	"Leech"
7	5	2002-06-01	"778"	"Pity"
12	15	2006-03-15	"7784"	"Invariant"
13	3	2007-11-22	"7794"	"Invariant"
22	19	2005-11-25	"7732"	"Sweetheart"
18	2	2007-08-25	"78"	"Boldness"
22	8	2007-05-06	"78"	"Wigwam"
23	32	2006-08-23	"78"	"Screening"
36	16	2009-04-15	"78"	"Leech"
20	92301	2006-08-15	"7856"	"Reveller"
21	92739	2009-08-15	"7851"	"Reveller"
37	5	2004-09-16	"786"	"Leech"
8	10	2004-09-11	"786"	"Pity"
26	10	2008-07-16	"7860"	"Jabbing"
16	6	2009-02-18	"787"	"Condiment"
38	1	2003-06-15	"787"	"Leech"
14	15	2006-03-15	"7877"	"Invariant"
22	92326	2008-12-15	"7871"	"Reveller"
39	17	2009-05-04	"788"	"Leech"
15	3	2007-11-22	"7881"	"Invariant"
23	16	2002-08-19	"7801"	"Sweetheart"
23	94092	2004-02-14	"7824"	"Reveller"
9	1	2007-12-18	"783"	"Pity"
19	7	2009-12-15	"79"	"Boldness"
21	6	2002-06-10	"79"	"Regularity"
23	31	2004-05-02	"79"	"Wigwam"
24	6	2005-10-31	"79"	"Screening"
40	14	2007-03-13	"796"	"Leech"
24	91848	2009-11-04	"7968"	"Reveller"
55	11	2009-01-06	"79628"	"Jabbing"
4	241866	2002-02-17	"796311"	"Millimeter"
41	16	2009-04-15	"797"	"Leech"
25	92531	2006-03-22	"7973"	"Reveller"
10	17	2007-10-30	"798"	"Pity"
42	18	2009-06-02	"798"	"Leech"
26	91848	2009-11-04	"7985"	"Reveller"
16	15	2006-03-15	"7996"	"Invariant"
56	13	2010-03-11	"79411"	"Jabbing"
20	4	2007-03-14	"70"	"Boldness"
22	7	2003-09-24	"70"	"Regularity"
24	94	2005-11-01	"70"	"Wigwam"
25	7	2006-03-03	"70"	"Screening"
300	162	2000-08-15	"70593"	"Regression"
301	117	2001-06-12	"70519"	"Regression"
43	2	2003-07-15	"706"	"Leech"
26	12	2005-09-20	"7065"	"Sweetheart"
17	3	2007-04-12	"707"	"Condiment"
44	19	2010-01-15	"707"	"Leech"
302	73	2005-07-30	"70762"	"Regression"
45	12	2006-06-15	"708"	"Leech"
303	86	2004-04-23	"70850"	"Regression"
304	14	2003-03-19	"70852"	"Regression"
27	92531	2006-03-22	"7086"	"Reveller"
305	135	2008-05-17	"70878"	"Regression"
306	184	2006-04-06	"70892"	"Regression"
307	170	2008-04-30	"70893"	"Regression"
308	133	2008-02-10	"70841"	"Regression"
309	74	2003-03-10	"70911"	"Regression"
310	75	2004-10-01	"70929"	"Regression"
311	15	2007-12-19	"70938"	"Regression"
312	76	2005-02-26	"70051"	"Regression"
28	91612	2007-08-15	"7006"	"Reveller"
313	77	2007-09-27	"70086"	"Regression"
314	118	2002-08-02	"70084"	"Regression"
315	78	2006-11-01	"70092"	"Regression"
57	20	2009-03-27	"70039"	"Jabbing"
27	43	2001-03-03	"7018"	"Sweetheart"
58	12	2008-05-06	"70278"	"Jabbing"
59	1	2008-03-31	"70272"	"Jabbing"
316	79	2002-04-09	"70282"	"Regression"
317	80	2007-03-28	"70201"	"Regression"
318	44	2000-04-28	"70217"	"Regression"
29	94426	2008-05-15	"7024"	"Reveller"
319	81	2005-04-21	"70357"	"Regression"
321	33	2002-11-29	"70373"	"Regression"
322	119	2008-11-18	"70301"	"Regression"
323	6	2005-07-29	"70318"	"Regression"
324	169	2002-05-18	"70323"	"Regression"
11	5	2006-12-28	"704"	"Jabbing"
325	89	2007-08-21	"70483"	"Regression"
326	180	2000-07-15	"70403"	"Regression"
28	23	2002-03-14	"7041"	"Sweetheart"
29	44	2003-01-30	"7042"	"Sweetheart"
327	126	2004-08-15	"70428"	"Regression"
328	133	2008-02-10	"70432"	"Regression"
30	30	2008-12-02	"7044"	"Sweetheart"
21	4	2007-03-14	"71"	"Boldness"
23	7	2003-09-24	"71"	"Regularity"
25	3	2002-05-06	"71"	"Wigwam"
26	8	2003-07-21	"71"	"Screening"
329	91	2006-05-15	"71579"	"Regression"
330	157	2008-09-05	"71581"	"Regression"
331	36	2006-06-26	"71591"	"Regression"
332	88	2005-08-10	"71594"	"Regression"
333	73	2005-07-30	"71504"	"Regression"
334	63	2008-10-10	"71511"	"Regression"
335	61	2000-07-01	"71512"	"Regression"
30	93638	2008-04-01	"7152"	"Reveller"
336	83	2005-04-25	"71542"	"Regression"
18	5	2009-03-19	"716"	"Condiment"
46	9	2005-06-19	"716"	"Leech"
31	30	2008-12-02	"7162"	"Sweetheart"
337	26	2007-10-09	"71620"	"Regression"
338	136	2006-02-23	"71632"	"Regression"
32	21	2000-04-24	"7164"	"Sweetheart"
47	19	2010-01-15	"717"	"Leech"
339	59	2006-12-19	"71755"	"Regression"
340	45	2000-06-16	"71768"	"Regression"
341	3	2007-08-08	"71760"	"Regression"
342	84	2002-01-21	"71776"	"Regression"
343	190	2006-05-13	"71773"	"Regression"
344	85	2002-06-20	"71701"	"Regression"
345	86	2004-04-23	"71714"	"Regression"
346	93	2002-09-11	"71873"	"Regression"
8	4	2003-07-01	"718886"	"Little"
347	18	2004-12-22	"71881"	"Regression"
348	87	2004-05-15	"71895"	"Regression"
349	99	2006-03-17	"71893"	"Regression"
350	185	2006-06-05	"71805"	"Regression"
351	5	2002-09-09	"71816"	"Regression"
352	141	2005-07-12	"71847"	"Regression"
353	198	2004-06-02	"71848"	"Regression"
22	1	2001-11-22	"719t44"	"Delegate"
354	88	2005-08-10	"71978"	"Regression"
355	67	2006-01-16	"71980"	"Regression"
356	15	2007-12-19	"71996"	"Regression"
358	68	2007-12-07	"71900"	"Regression"
360	22	2006-01-18	"71946"	"Regression"
361	89	2007-08-21	"71944"	"Regression"
362	201	2006-05-14	"71057"	"Regression"
363	153	2007-09-05	"71082"	"Regression"
365	90	2008-08-08	"71033"	"Regression"
366	106	2007-10-13	"71155"	"Regression"
370	89	2007-08-21	"71278"	"Regression"
19	4	2005-03-08	"72"	"Condiment"
22	1	2002-07-22	"72"	"Boldness"
24	7	2003-09-24	"72"	"Regularity"
26	96	2006-01-31	"72"	"Wigwam"
27	4	2003-01-08	"72"	"Screening"
20	6	2009-02-18	"726"	"Condiment"
31	92739	2009-08-15	"7284"	"Reveller"
17	1	2007-01-15	"7202"	"Invariant"
60	20	2009-03-27	"72104"	"Jabbing"
18	4	2004-01-17	"723"	"Invariant"
35	13	2002-08-09	"7237"	"Sweetheart"
25	7	2003-09-24	"73"	"Regularity"
27	3	2002-05-06	"73"	"Wigwam"
28	24	2007-01-18	"73"	"Screening"
11	7	2006-08-10	"736"	"Pity"
51	24	2009-09-25	"736"	"Leech"
52	1	2003-06-15	"737"	"Leech"
36	11	2008-04-22	"7374"	"Sweetheart"
53	5	2004-09-16	"738"	"Leech"
12	2	2009-02-27	"730"	"Pity"
9	5	2003-09-16	"730697"	"Little"
13	11	2006-08-22	"731"	"Pity"
32	91764	2007-08-30	"7342"	"Reveller"
23	2	2007-08-25	"74"	"Boldness"
28	29	2005-08-28	"74"	"Wigwam"
29	24	2007-01-18	"74"	"Screening"
3	2	2002-12-27	"74"	"Jabbing"
12	17	2005-11-15	"746"	"Jabbing"
5	291101	2004-01-05	"746656"	"Millimeter"
19	6	2008-01-31	"7460"	"Invariant"
6	291101	2004-01-05	"747597"	"Millimeter"
7	291101	2004-01-05	"747204"	"Millimeter"
37	32	2006-03-24	"7488"	"Sweetheart"
8	308568	2007-11-24	"741064"	"Millimeter"
3	1	2004-08-30	"8"	"Regularity"
3	3	2002-05-06	"8"	"Wigwam"
3	3	2004-04-15	"8"	"Sympathy"
21	4	2005-03-08	"85"	"Condiment"
29	30	2007-06-15	"85"	"Wigwam"
371	120	2001-11-29	"85560"	"Regression"
372	115	2006-11-22	"85526"	"Regression"
1	3010	2004-04-03	"8565"	"Bathe"
373	34	2009-03-27	"85677"	"Regression"
374	91	2006-05-15	"85699"	"Regression"
10	11	2008-11-06	"857707"	"Little"
375	202	2006-03-06	"85782"	"Regression"
23	6	2005-06-06	"858t56"	"Delegate"
376	25	2002-02-10	"85887"	"Regression"
377	92	2001-07-08	"85897"	"Regression"
2	3293	2004-08-02	"8582"	"Bathe"
378	163	2008-02-29	"85838"	"Regression"
20	10	2004-12-02	"8590"	"Invariant"
13	16	2000-04-18	"850"	"Jabbing"
379	176	2004-09-11	"85053"	"Regression"
380	93	2002-09-11	"85074"	"Regression"
381	184	2006-04-06	"85080"	"Regression"
382	10	2000-11-10	"85027"	"Regression"
384	194	2005-05-31	"85184"	"Regression"
385	94	2003-12-29	"85105"	"Regression"
386	95	2008-11-27	"85127"	"Regression"
387	195	2002-07-01	"85268"	"Regression"
388	17	2008-03-31	"85275"	"Regression"
389	96	2003-07-04	"85246"	"Regression"
390	21	2001-10-29	"85376"	"Regression"
391	156	2001-01-15	"85395"	"Regression"
392	97	2001-11-21	"85393"	"Regression"
61	6	2010-03-23	"85305"	"Jabbing"
393	41	2002-02-22	"85309"	"Regression"
9	308568	2007-11-24	"853013"	"Millimeter"
396	198	2004-06-02	"85454"	"Regression"
11	8	2005-09-01	"854662"	"Little"
397	187	2004-11-29	"85467"	"Regression"
398	3	2007-08-08	"85473"	"Regression"
399	163	2008-02-29	"85486"	"Regression"
400	99	2006-03-17	"85489"	"Regression"
401	100	2004-01-22	"85400"	"Regression"
402	101	2003-07-07	"85434"	"Regression"
22	7	2008-09-04	"86"	"Condiment"
24	5	2004-05-14	"86"	"Boldness"
30	31	2004-05-02	"86"	"Wigwam"
31	33	2006-08-21	"86"	"Screening"
4	1	2008-03-31	"86"	"Jabbing"
54	17	2009-05-04	"86"	"Leech"
403	102	2004-10-06	"86559"	"Regression"
404	81	2005-04-21	"86566"	"Regression"
405	103	2007-06-07	"86567"	"Regression"
406	43	2001-09-20	"86592"	"Regression"
407	103	2007-06-07	"86536"	"Regression"
408	85	2002-06-20	"86532"	"Regression"
409	196	2007-02-05	"86652"	"Regression"
410	57	2006-07-03	"86667"	"Regression"
411	85	2002-06-20	"86661"	"Regression"
4	3293	2004-08-02	"8667"	"Bathe"
412	107	2006-02-27	"86605"	"Regression"
413	79	2002-04-09	"86604"	"Regression"
414	83	2005-04-25	"86625"	"Regression"
415	43	2001-09-20	"86628"	"Regression"
416	50	2006-11-15	"86634"	"Regression"
417	178	2003-05-31	"86642"	"Regression"
418	51	2002-02-10	"86753"	"Regression"
419	104	2007-05-04	"86778"	"Regression"
420	174	2005-03-26	"86787"	"Regression"
421	128	2003-03-14	"86781"	"Regression"
38	30	2008-12-02	"8679"	"Sweetheart"
422	118	2002-08-02	"86706"	"Regression"
423	105	2007-04-15	"86700"	"Regression"
424	34	2009-03-27	"86723"	"Regression"
39	1	2006-02-01	"8673"	"Sweetheart"
425	172	2009-01-16	"86737"	"Regression"
5	3131	2007-06-15	"8686"	"Bathe"
426	143	2008-07-01	"86896"	"Regression"
427	106	2007-10-13	"86893"	"Regression"
428	107	2006-02-27	"86894"	"Regression"
429	108	2006-09-04	"86959"	"Regression"
430	185	2006-06-05	"86969"	"Regression"
431	48	2002-09-25	"86973"	"Regression"
6	3131	2007-06-15	"8692"	"Bathe"
432	109	2008-09-24	"86920"	"Regression"
40	22	2002-11-26	"8605"	"Sweetheart"
433	89	2007-08-21	"86060"	"Regression"
435	71	2007-11-08	"86084"	"Regression"
10	70121937	2000-04-14	"860927"	"Millimeter"
437	171	2008-11-13	"86032"	"Regression"
7	3010	2004-04-03	"8615"	"Bathe"
438	203	2007-09-12	"86150"	"Regression"
439	147	2007-02-15	"86160"	"Regression"
440	30	2006-05-01	"86173"	"Regression"
441	73	2005-07-30	"86199"	"Regression"
442	132	2007-02-02	"86111"	"Regression"
11	84417	2003-03-06	"861124"	"Millimeter"
443	78	2006-11-01	"86235"	"Regression"
445	110	2009-02-04	"86381"	"Regression"
41	43	2001-03-03	"8632"	"Sweetheart"
455	183	2009-03-17	"86422"	"Regression"
456	121	2007-06-26	"86432"	"Regression"
457	114	2002-08-02	"86447"	"Regression"
31	32	2001-10-22	"87"	"Wigwam"
32	27	2004-03-09	"87"	"Screening"
5	11	2009-01-06	"87"	"Jabbing"
55	15	2007-06-12	"87"	"Leech"
459	199	2001-03-14	"87551"	"Regression"
42	20	2005-10-25	"8767"	"Sweetheart"
12	4	2003-07-01	"876727"	"Little"
8	3131	2007-06-15	"8796"	"Bathe"
43	1	2006-02-01	"8726"	"Sweetheart"
27	7	2007-04-19	"8728"	"Jabbing"
9	3293	2004-08-02	"8748"	"Bathe"
25	3	2009-08-06	"88"	"Boldness"
32	33	2006-01-14	"88"	"Wigwam"
33	34	2004-07-29	"88"	"Screening"
24	12	2006-09-27	"885t43"	"Delegate"
62	21	2009-12-28	"88741"	"Jabbing"
12	84417	2003-03-06	"88873"	"Millimeter"
14	14	2007-06-24	"881"	"Pity"
45	13	2002-08-09	"8820"	"Sweetheart"
13	70121937	2000-04-14	"883431"	"Millimeter"
25	8	2009-02-24	"884t59"	"Delegate"
33	6	2004-04-24	"89"	"Wigwam"
34	34	2004-07-29	"89"	"Screening"
14	84417	2003-03-06	"898177"	"Millimeter"
33	91295	2009-10-28	"8902"	"Reveller"
15	70504469	2002-03-15	"89195"	"Millimeter"
15	10	2004-09-11	"894"	"Pity"
16	357952	2005-05-02	"894189"	"Millimeter"
26	5	2004-05-14	"80"	"Boldness"
463	84	2002-01-21	"80557"	"Regression"
17	357952	2005-05-02	"807736"	"Millimeter"
18	70030111	2003-05-28	"807387"	"Millimeter"
13	10	2004-06-01	"808137"	"Little"
464	71	2007-11-08	"80058"	"Regression"
19	357952	2005-05-02	"802407"	"Millimeter"
14	7	2008-06-15	"803336"	"Little"
34	43	2008-06-18	"81"	"Wigwam"
466	102	2004-10-06	"81593"	"Regression"
467	86	2004-04-23	"81515"	"Regression"
468	52	2006-06-22	"81519"	"Regression"
469	116	2007-01-21	"81521"	"Regression"
47	14	2007-03-20	"8153"	"Sweetheart"
470	53	2002-06-01	"81659"	"Regression"
28	20	2009-03-27	"8161"	"Jabbing"
34	94426	2008-05-15	"8180"	"Reveller"
35	93638	2008-04-01	"8183"	"Reveller"
16	17	2007-10-30	"819"	"Pity"
29	11	2009-01-06	"8120"	"Jabbing"
36	92326	2008-12-15	"8123"	"Reveller"
37	91855	2006-02-22	"8141"	"Reveller"
38	92301	2006-08-15	"8142"	"Reveller"
26	10	2008-05-26	"82"	"Regularity"
27	8	2007-02-27	"82"	"Boldness"
35	41	2007-07-01	"82"	"Wigwam"
39	94387	2005-05-13	"8250"	"Reveller"
49	39	2000-11-14	"8250"	"Sweetheart"
40	92301	2006-08-15	"8264"	"Reveller"
50	7	2006-09-19	"8278"	"Sweetheart"
41	93725	2006-03-10	"8270"	"Reveller"
42	94148	2009-04-15	"8284"	"Reveller"
20	4145915	2005-03-23	"821539"	"Millimeter"
21	308568	2007-11-24	"821050"	"Millimeter"
22	401460	2007-02-26	"82279"	"Millimeter"
23	291101	2004-01-05	"822098"	"Millimeter"
24	70585742	2006-12-27	"823997"	"Millimeter"
43	91202	2009-10-21	"8240"	"Reveller"
27	10	2008-05-26	"83"	"Regularity"
28	1	2002-07-22	"83"	"Boldness"
36	32	2001-10-22	"83"	"Wigwam"
51	32	2006-03-24	"8351"	"Sweetheart"
21	11	2001-07-01	"8364"	"Invariant"
44	92326	2008-12-15	"8373"	"Reveller"
52	25	2007-10-15	"8399"	"Sweetheart"
475	177	2006-12-28	"83055"	"Regression"
17	22	2003-07-09	"831"	"Pity"
53	25	2007-10-15	"8335"	"Sweetheart"
45	91764	2007-08-30	"8347"	"Reveller"
29	1	2002-07-22	"84"	"Boldness"
37	4	2008-09-01	"84"	"Wigwam"
39	8	2003-07-21	"84"	"Screening"
54	4	2005-06-28	"8486"	"Sweetheart"
22	8	2002-04-19	"8497"	"Invariant"
476	117	2001-06-12	"84053"	"Regression"
477	118	2002-08-02	"84065"	"Regression"
478	112	2003-03-30	"84066"	"Regression"
15	2	2007-01-31	"841801"	"Little"
25	70585742	2006-12-27	"841803"	"Millimeter"
46	93638	2008-04-01	"8425"	"Reveller"
56	4	2005-06-28	"8426"	"Sweetheart"
30	12	2008-05-06	"8424"	"Jabbing"
47	94173	2010-02-19	"8445"	"Reveller"
4	1	2004-08-30	"9"	"Regularity"
4	4	2004-03-01	"9"	"Sympathy"
4	4	2008-09-01	"9"	"Wigwam"
38	40	2001-07-01	"95"	"Wigwam"
40	14	2005-01-05	"95"	"Screening"
480	94	2003-12-29	"95508"	"Regression"
481	119	2008-11-18	"95517"	"Regression"
482	4	2002-05-21	"95664"	"Regression"
26	401460	2007-02-26	"956915"	"Millimeter"
27	401557	2005-07-27	"956002"	"Millimeter"
483	65	2008-12-18	"95710"	"Regression"
48	92080	2006-10-05	"9582"	"Reveller"
31	19	2001-09-15	"9584"	"Jabbing"
484	164	2007-12-10	"95959"	"Regression"
49	91612	2007-08-15	"9599"	"Reveller"
50	91612	2007-08-15	"9592"	"Reveller"
485	120	2001-11-29	"95082"	"Regression"
486	184	2006-04-06	"95134"	"Regression"
487	167	2001-10-15	"95270"	"Regression"
57	22	2002-11-26	"9524"	"Sweetheart"
488	1	2005-10-26	"95354"	"Regression"
489	22	2006-01-18	"95315"	"Regression"
51	94092	2004-02-14	"9547"	"Reveller"
490	146	2007-09-15	"95475"	"Regression"
491	121	2007-06-26	"95414"	"Regression"
52	94173	2010-02-19	"9543"	"Reveller"
28	11	2007-02-22	"96"	"Regularity"
30	10	2002-06-15	"96"	"Boldness"
39	41	2007-07-01	"96"	"Wigwam"
41	8	2003-07-21	"96"	"Screening"
56	2	2003-07-15	"96"	"Leech"
26	13	2000-12-01	"96t51"	"Delegate"
59	21	2000-04-24	"9656"	"Sweetheart"
493	122	2008-02-17	"96562"	"Regression"
494	14	2003-03-19	"96573"	"Regression"
495	123	2001-04-26	"96507"	"Regression"
496	124	2007-01-21	"96696"	"Regression"
497	29	2003-12-05	"96603"	"Regression"
498	13	2004-10-16	"96630"	"Regression"
499	8	2003-10-10	"96633"	"Regression"
500	125	2005-09-15	"96759"	"Regression"
501	202	2006-03-06	"96769"	"Regression"
502	45	2000-06-16	"96777"	"Regression"
503	126	2004-08-15	"96708"	"Regression"
504	46	2005-08-26	"96733"	"Regression"
505	127	2008-04-15	"96741"	"Regression"
506	128	2003-03-14	"96878"	"Regression"
507	129	2002-03-01	"96815"	"Regression"
508	92	2001-07-08	"96835"	"Regression"
509	161	2000-12-19	"96832"	"Regression"
30	4087845	2007-08-29	"9696669"	"Millimeter"
511	47	2001-02-07	"96995"	"Regression"
512	109	2008-09-24	"96993"	"Regression"
31	4145915	2005-03-23	"9690460"	"Millimeter"
513	30	2006-05-01	"96911"	"Regression"
53	94148	2009-04-15	"9693"	"Reveller"
514	127	2008-04-15	"96931"	"Regression"
515	130	2003-06-16	"96052"	"Regression"
516	131	2007-04-04	"96072"	"Regression"
517	132	2007-02-02	"96097"	"Regression"
518	48	2002-09-25	"96098"	"Regression"
519	133	2008-02-10	"96004"	"Regression"
521	170	2008-04-30	"96163"	"Regression"
522	23	2006-06-28	"96197"	"Regression"
523	135	2008-05-17	"96194"	"Regression"
32	401460	2007-02-26	"961057"	"Millimeter"
33	401557	2005-07-27	"961129"	"Millimeter"
525	136	2006-02-23	"96139"	"Regression"
526	63	2008-10-10	"96252"	"Regression"
527	35	2006-01-31	"96253"	"Regression"
34	4087845	2007-08-29	"9627529"	"Millimeter"
54	94173	2010-02-19	"9628"	"Reveller"
528	5	2002-09-09	"96285"	"Regression"
530	87	2004-05-15	"96231"	"Regression"
35	71827	2008-09-02	"9624563"	"Millimeter"
36	4087845	2007-08-29	"9635741"	"Millimeter"
16	3	2008-04-23	"963508"	"Little"
531	21	2001-10-29	"96381"	"Regression"
532	137	2003-03-02	"96384"	"Regression"
533	185	2006-06-05	"96397"	"Regression"
534	138	2002-11-15	"96306"	"Regression"
535	148	2006-04-11	"96312"	"Regression"
536	199	2001-03-14	"96329"	"Regression"
537	139	2008-05-03	"96321"	"Regression"
538	140	2008-04-19	"96323"	"Regression"
539	130	2003-06-16	"96337"	"Regression"
540	141	2005-07-12	"96454"	"Regression"
541	142	2004-06-30	"96464"	"Regression"
2	5	2003-09-16	"96479"	"Little"
542	143	2008-07-01	"96471"	"Regression"
23	14	2001-07-01	"9648"	"Invariant"
543	144	2008-07-15	"96489"	"Regression"
55	91764	2007-08-30	"9642"	"Reveller"
545	33	2002-11-29	"96423"	"Regression"
29	11	2007-02-22	"97"	"Regularity"
31	10	2002-06-15	"97"	"Boldness"
57	5	2004-09-16	"97"	"Leech"
547	145	2003-09-24	"97578"	"Regression"
548	173	2003-04-02	"97586"	"Regression"
550	122	2008-02-17	"97522"	"Regression"
551	37	2005-10-24	"97545"	"Regression"
553	182	2003-08-01	"97670"	"Regression"
554	146	2007-09-15	"97682"	"Regression"
555	110	2009-02-04	"97692"	"Regression"
556	147	2007-02-15	"97605"	"Regression"
557	148	2006-04-11	"97618"	"Regression"
60	20	2005-10-25	"9776"	"Sweetheart"
561	38	2008-09-27	"97748"	"Regression"
567	190	2006-05-13	"97802"	"Regression"
568	38	2008-09-27	"97817"	"Regression"
569	56	2008-07-01	"97842"	"Regression"
570	58	2006-11-15	"97966"	"Regression"
571	141	2005-07-12	"97962"	"Regression"
37	401557	2005-07-27	"9722910"	"Millimeter"
61	25	2007-10-15	"9724"	"Sweetheart"
62	6	2003-07-05	"9742"	"Sweetheart"
30	11	2007-02-22	"98"	"Regularity"
32	2	2007-08-25	"98"	"Boldness"
40	43	2008-06-18	"98"	"Wigwam"
58	15	2007-06-12	"98"	"Leech"
6	4	2004-01-09	"98"	"Jabbing"
65	5	2003-09-20	"9815"	"Sweetheart"
56	92080	2006-10-05	"9827"	"Reveller"
57	94387	2005-05-13	"9832"	"Reveller"
68	15	2008-09-09	"9833"	"Sweetheart"
31	11	2007-02-22	"99"	"Regularity"
41	44	2004-05-05	"99"	"Wigwam"
69	16	2002-08-19	"9976"	"Sweetheart"
58	94426	2008-05-15	"9971"	"Reveller"
59	92301	2006-08-15	"9989"	"Reveller"
70	15	2008-09-09	"9934"	"Sweetheart"
32	12	2006-08-18	"90"	"Regularity"
33	3	2009-08-06	"90"	"Boldness"
42	45	2000-11-15	"90"	"Wigwam"
17	5	2003-09-16	"906975"	"Little"
24	3	2007-11-22	"9080"	"Invariant"
60	91295	2009-10-28	"9083"	"Reveller"
71	21	2000-04-24	"9083"	"Sweetheart"
25	11	2001-07-01	"9099"	"Invariant"
14	3	2007-09-13	"900"	"Jabbing"
72	31	2006-01-25	"9002"	"Sweetheart"
18	10	2004-09-11	"903"	"Pity"
33	12	2006-08-18	"91"	"Regularity"
34	4	2007-03-14	"91"	"Boldness"
43	46	2007-07-18	"91"	"Wigwam"
573	190	2006-05-13	"91565"	"Regression"
73	40	2001-09-26	"9167"	"Sweetheart"
61	91295	2009-10-28	"9178"	"Reveller"
32	3	2007-09-13	"9170"	"Jabbing"
74	44	2003-01-30	"9104"	"Sweetheart"
35	5	2004-05-14	"92"	"Boldness"
44	46	2007-07-18	"92"	"Wigwam"
47	14	2005-01-05	"92"	"Screening"
26	2	2004-03-03	"9256"	"Invariant"
576	167	2001-10-15	"92593"	"Regression"
577	164	2007-12-10	"92509"	"Regression"
578	152	2000-04-10	"92667"	"Regression"
579	153	2007-09-05	"92662"	"Regression"
580	123	2001-04-26	"92670"	"Regression"
581	154	2007-02-14	"92698"	"Regression"
582	96	2003-07-04	"92756"	"Regression"
583	155	2003-05-06	"92727"	"Regression"
75	43	2001-03-03	"9286"	"Sweetheart"
584	156	2001-01-15	"92869"	"Regression"
585	157	2008-09-05	"92885"	"Regression"
586	194	2005-05-31	"92844"	"Regression"
27	13	2000-12-01	"929t43"	"Delegate"
587	143	2008-07-01	"92950"	"Regression"
588	101	2003-07-07	"92952"	"Regression"
589	70	2004-01-15	"92973"	"Regression"
590	17	2008-03-31	"92987"	"Regression"
591	95	2008-11-27	"92927"	"Regression"
592	11	2002-06-11	"92937"	"Regression"
593	166	2007-02-23	"92934"	"Regression"
594	157	2008-09-05	"92057"	"Regression"
18	3	2008-04-23	"920789"	"Little"
595	158	2006-12-08	"92080"	"Regression"
596	128	2003-03-14	"92012"	"Regression"
598	116	2007-01-21	"92028"	"Regression"
600	161	2000-12-19	"92046"	"Regression"
601	77	2007-09-27	"92047"	"Regression"
602	162	2000-08-15	"92043"	"Regression"
603	60	2000-06-16	"92158"	"Regression"
604	163	2008-02-29	"92176"	"Regression"
605	164	2007-12-10	"92185"	"Regression"
606	117	2001-06-12	"92181"	"Regression"
607	76	2005-02-26	"92182"	"Regression"
608	18	2004-12-22	"92184"	"Regression"
609	165	2001-07-20	"92105"	"Regression"
610	36	2006-06-26	"92116"	"Regression"
611	100	2004-01-22	"92138"	"Regression"
612	14	2003-03-19	"92253"	"Regression"
613	166	2007-02-23	"92274"	"Regression"
19	8	2005-09-01	"923819"	"Little"
616	168	2007-11-05	"92305"	"Regression"
619	144	2008-07-15	"92407"	"Regression"
34	12	2006-08-18	"93"	"Regularity"
36	6	2008-12-13	"93"	"Boldness"
45	48	2003-12-22	"93"	"Wigwam"
28	4	2006-06-24	"9320"	"Delegate"
35	13	2008-06-17	"94"	"Regularity"
37	7	2009-12-15	"94"	"Boldness"
46	49	2004-07-15	"94"	"Wigwam"
76	22	2002-11-26	"9458"	"Sweetheart"
38	49121	2005-06-14	"94676"	"Millimeter"
620	141	2005-07-12	"94381"	"Regression"
621	123	2001-04-26	"94391"	"Regression"
623	169	2002-05-18	"94301"	"Regression"
624	81	2005-04-21	"94322"	"Regression"
5	2	2007-09-28	"0"	"Regularity"
5	5	2002-08-07	"0"	"Wigwam"
5	5	2005-06-15	"0"	"Sympathy"
38	8	2007-02-27	"05"	"Boldness"
47	50	2000-09-15	"05"	"Wigwam"
50	16	2005-10-21	"05"	"Screening"
625	170	2008-04-30	"05503"	"Regression"
626	7	2001-11-23	"05650"	"Regression"
39	241866	2002-02-17	"056052"	"Millimeter"
627	4	2002-05-21	"05624"	"Regression"
628	104	2007-05-04	"05634"	"Regression"
629	64	2008-12-29	"05854"	"Regression"
630	79	2002-04-09	"05864"	"Regression"
631	48	2002-09-25	"05897"	"Regression"
632	181	2002-10-03	"05830"	"Regression"
633	191	2003-07-01	"05976"	"Regression"
634	189	2005-07-13	"05900"	"Regression"
635	60	2000-06-16	"05921"	"Regression"
19	26	2001-12-05	"050"	"Pity"
27	12	2009-02-20	"0515"	"Invariant"
636	53	2002-06-01	"05108"	"Regression"
637	154	2007-02-14	"05112"	"Regression"
638	151	2002-07-01	"05125"	"Regression"
33	8	2002-04-24	"0514"	"Jabbing"
639	171	2008-11-13	"05274"	"Regression"
10	5152	2002-12-24	"0529"	"Bathe"
77	2	2004-02-02	"0522"	"Sweetheart"
640	162	2000-08-15	"05343"	"Regression"
641	172	2009-01-16	"05464"	"Regression"
642	173	2003-04-02	"05486"	"Regression"
11	3010	2004-04-03	"0549"	"Bathe"
643	174	2005-03-26	"05405"	"Regression"
644	172	2009-01-16	"05445"	"Regression"
645	37	2005-10-24	"05448"	"Regression"
36	13	2008-06-17	"06"	"Regularity"
48	51	2008-04-10	"06"	"Wigwam"
59	10	2005-07-15	"06"	"Leech"
646	69	2007-09-25	"06589"	"Regression"
647	140	2008-04-19	"06501"	"Regression"
648	175	2008-08-13	"06698"	"Regression"
3	2	2008-04-24	"0660"	"Lacrosse"
649	28	2003-08-21	"06605"	"Regression"
650	176	2004-09-11	"06645"	"Regression"
651	177	2006-12-28	"06760"	"Regression"
652	178	2003-05-31	"06762"	"Regression"
653	108	2006-09-04	"06732"	"Regression"
4	1	2006-03-11	"0686"	"Lacrosse"
654	179	2007-08-09	"06863"	"Regression"
655	24	2003-10-25	"06895"	"Regression"
656	146	2007-09-15	"06807"	"Regression"
657	180	2000-07-15	"06849"	"Regression"
658	143	2008-07-01	"06957"	"Regression"
659	38	2008-09-27	"06991"	"Regression"
660	181	2002-10-03	"06900"	"Regression"
661	44	2000-04-28	"06902"	"Regression"
78	32	2006-03-24	"0693"	"Sweetheart"
662	8	2003-10-10	"06937"	"Regression"
663	131	2007-04-04	"06931"	"Regression"
664	201	2006-05-14	"06941"	"Regression"
665	182	2003-08-01	"06052"	"Regression"
13	5152	2002-12-24	"0607"	"Bathe"
666	183	2009-03-17	"06081"	"Regression"
667	34	2009-03-27	"06097"	"Regression"
669	184	2006-04-06	"06015"	"Regression"
670	185	2006-06-05	"06035"	"Regression"
671	7	2001-11-23	"06103"	"Regression"
673	164	2007-12-10	"06149"	"Regression"
674	81	2005-04-21	"06250"	"Regression"
675	80	2007-03-28	"06251"	"Regression"
28	7	2006-06-19	"0626"	"Invariant"
676	187	2004-11-29	"06261"	"Regression"
677	146	2007-09-15	"06281"	"Regression"
678	188	2004-11-10	"06202"	"Regression"
679	196	2007-02-05	"06221"	"Regression"
6	2	2008-04-24	"0624"	"Lacrosse"
680	125	2005-09-15	"06353"	"Regression"
681	171	2008-11-13	"06367"	"Regression"
684	121	2007-06-26	"06457"	"Regression"
685	68	2007-12-07	"06478"	"Regression"
686	189	2005-07-13	"06474"	"Regression"
687	15	2007-12-19	"06486"	"Regression"
689	190	2006-05-13	"06428"	"Regression"
690	109	2008-09-24	"06423"	"Regression"
37	13	2008-06-17	"07"	"Regularity"
49	52	2006-11-22	"07"	"Wigwam"
52	17	2002-05-09	"07"	"Screening"
692	16	2001-09-15	"07506"	"Regression"
693	116	2007-01-21	"07533"	"Regression"
694	135	2008-05-17	"07678"	"Regression"
700	29	2003-12-05	"07787"	"Regression"
8	1	2006-03-11	"0774"	"Lacrosse"
15	3010	2004-04-03	"0783"	"Bathe"
16	5152	2002-12-24	"0703"	"Bathe"
9	2	2008-04-24	"0703"	"Lacrosse"
38	14	2008-02-12	"08"	"Regularity"
39	9	2001-07-15	"08"	"Boldness"
53	6	2005-10-31	"08"	"Screening"
60	3	2004-06-15	"08"	"Leech"
15	6	2010-03-23	"085"	"Jabbing"
20	25	2003-06-29	"089"	"Pity"
29	8	2002-04-19	"0896"	"Invariant"
30	2	2004-03-03	"0804"	"Invariant"
17	5810	2003-05-15	"0826"	"Bathe"
29	4	2006-06-24	"083t56"	"Delegate"
80	45	2007-02-28	"0848"	"Sweetheart"
39	14	2008-02-12	"09"	"Regularity"
40	10	2002-06-15	"09"	"Boldness"
50	7	2007-02-09	"09"	"Wigwam"
54	17	2002-05-09	"09"	"Screening"
18	5810	2003-05-15	"0988"	"Bathe"
40	49121	2005-06-14	"092893"	"Millimeter"
51	45	2000-11-15	"00"	"Wigwam"
82	24	2002-01-17	"0053"	"Sweetheart"
34	13	2010-03-11	"0091"	"Jabbing"
21	10	2004-06-01	"002683"	"Little"
19	6012	2005-04-15	"0036"	"Bathe"
40	14	2008-02-12	"01"	"Regularity"
52	30	2007-06-15	"01"	"Wigwam"
31	5	2008-01-09	"0173"	"Invariant"
83	4	2005-06-28	"0186"	"Sweetheart"
32	8	2002-04-19	"0147"	"Invariant"
41	15	2008-07-20	"02"	"Regularity"
53	52	2006-11-22	"02"	"Wigwam"
30	2	2006-06-13	"02t56"	"Delegate"
704	192	2006-12-04	"02550"	"Regression"
705	193	2007-03-07	"02551"	"Regression"
706	194	2005-05-31	"02553"	"Regression"
707	122	2008-02-17	"02572"	"Regression"
708	66	2003-09-15	"02599"	"Regression"
709	23	2006-06-28	"02545"	"Regression"
710	11	2002-06-11	"02675"	"Regression"
711	119	2008-11-18	"02619"	"Regression"
712	62	2001-03-13	"02759"	"Regression"
713	195	2002-07-01	"02761"	"Regression"
714	183	2009-03-17	"02762"	"Regression"
716	196	2007-02-05	"02720"	"Regression"
15	5	2003-11-15	"0273"	"Lacrosse"
719	102	2004-10-06	"02867"	"Regression"
720	198	2004-06-02	"02876"	"Regression"
721	35	2006-01-31	"02873"	"Regression"
723	23	2006-06-28	"02892"	"Regression"
724	140	2008-04-19	"02819"	"Regression"
725	196	2007-02-05	"02826"	"Regression"
726	116	2007-01-21	"02835"	"Regression"
727	69	2007-09-25	"02836"	"Regression"
728	137	2003-03-02	"02830"	"Regression"
729	144	2008-07-15	"02848"	"Regression"
730	42	2001-09-28	"02849"	"Regression"
733	179	2007-08-09	"02953"	"Regression"
33	7	2006-06-19	"0212"	"Invariant"
735	118	2002-08-02	"02479"	"Regression"
736	132	2007-02-02	"02471"	"Regression"
42	15	2008-07-20	"03"	"Regularity"
54	43	2008-06-18	"03"	"Wigwam"
20	5810	2003-05-15	"0365"	"Bathe"
22	5810	2003-05-15	"0370"	"Bathe"
19	2	2008-04-24	"0382"	"Lacrosse"
31	7	2005-04-11	"0311"	"Delegate"
21	7	2006-08-10	"032"	"Pity"
34	9	2007-11-11	"0336"	"Invariant"
43	15	2008-07-20	"04"	"Regularity"
55	41	2007-07-01	"04"	"Wigwam"
23	6012	2005-04-15	"0450"	"Bathe"
16	2	2002-12-27	"046"	"Jabbing"
85	42	2008-04-26	"0469"	"Sweetheart"
24	6012	2005-04-15	"0487"	"Bathe"
22	2	2007-01-31	"049186"	"Little"
17	9	2003-03-10	"040"	"Jabbing"
22	15	2006-09-04	"043"	"Pity"
32	3	2001-11-19	"0443"	"Delegate"
6	2	2007-09-28	"1"	"Regularity"
6	6	2004-04-24	"1"	"Wigwam"
6	6	2010-01-15	"1"	"Sympathy"
44	15	2008-07-20	"15"	"Regularity"
56	40	2001-07-01	"15"	"Wigwam"
86	23	2002-03-14	"1559"	"Sweetheart"
25	6012	2005-04-15	"1567"	"Bathe"
738	197	2000-07-01	"15695"	"Regression"
739	168	2007-11-05	"15639"	"Regression"
740	77	2007-09-27	"15771"	"Regression"
741	200	2005-11-27	"15774"	"Regression"
742	106	2007-10-13	"15717"	"Regression"
743	199	2001-03-14	"15739"	"Regression"
744	200	2005-11-27	"15866"	"Regression"
745	156	2001-01-15	"15883"	"Regression"
746	87	2004-05-15	"15896"	"Regression"
747	203	2007-09-12	"15898"	"Regression"
748	201	2006-05-14	"15806"	"Regression"
749	202	2006-03-06	"15807"	"Regression"
750	80	2007-03-28	"15808"	"Regression"
751	135	2008-05-17	"15815"	"Regression"
752	52	2006-06-22	"15829"	"Regression"
753	32	2000-08-04	"15823"	"Regression"
754	142	2004-06-30	"15833"	"Regression"
755	13	2004-10-16	"15914"	"Regression"
757	124	2007-01-21	"15945"	"Regression"
758	97	2001-11-21	"15942"	"Regression"
759	127	2008-04-15	"15062"	"Regression"
760	24	2003-10-25	"15084"	"Regression"
761	64	2008-12-29	"15090"	"Regression"
87	5	2003-09-20	"1500"	"Sweetheart"
762	54	2003-09-23	"15035"	"Regression"
763	96	2003-07-04	"15031"	"Regression"
764	80	2007-03-28	"15193"	"Regression"
88	16	2002-08-19	"1513"	"Sweetheart"
769	203	2007-09-12	"15138"	"Regression"
35	1	2007-01-15	"1530"	"Invariant"
89	7	2006-09-19	"1545"	"Sweetheart"
57	52	2006-11-22	"16"	"Wigwam"
24	4	2003-07-01	"169724"	"Little"
90	18	2005-08-01	"1621"	"Sweetheart"
91	16	2002-08-19	"1638"	"Sweetheart"
58	32	2001-10-22	"17"	"Wigwam"
36	10	2004-12-02	"1752"	"Invariant"
25	7	2008-06-15	"177914"	"Little"
35	14	2007-07-05	"1792"	"Jabbing"
23	1	2007-12-18	"170"	"Pity"
33	3	2001-11-19	"1712"	"Delegate"
37	10	2004-12-02	"1713"	"Invariant"
24	12	2001-05-07	"173"	"Pity"
38	13	2008-02-06	"1737"	"Invariant"
92	42	2008-04-26	"1745"	"Sweetheart"
59	30	2007-06-15	"18"	"Wigwam"
63	4	2003-01-08	"18"	"Screening"
39	9	2007-11-11	"1854"	"Invariant"
40	4	2004-01-17	"1870"	"Invariant"
93	45	2007-02-28	"1824"	"Sweetheart"
60	6	2004-04-24	"19"	"Wigwam"
64	21	2006-03-09	"19"	"Screening"
25	8	2003-01-20	"195"	"Pity"
41	6	2008-01-31	"1969"	"Invariant"
95	15	2008-09-09	"1903"	"Sweetheart"
96	6	2003-07-05	"1933"	"Sweetheart"
45	17	2003-04-06	"10"	"Regularity"
61	9	2006-05-17	"10"	"Wigwam"
34	13	2000-12-01	"10t56"	"Delegate"
26	8	2005-09-01	"105767"	"Little"
35	5	2007-09-15	"1011"	"Delegate"
66	31	2007-02-24	"11"	"Screening"
42	5	2008-01-09	"1112"	"Invariant"
46	17	2003-04-06	"12"	"Regularity"
62	46	2007-07-18	"12"	"Wigwam"
26	13	2009-03-15	"126"	"Pity"
23	2	2005-10-15	"13"	"Condiment"
47	17	2003-04-06	"13"	"Regularity"
63	48	2003-12-22	"13"	"Wigwam"
27	11	2008-11-06	"138551"	"Little"
43	6	2008-01-31	"1390"	"Invariant"
44	5	2008-01-09	"1317"	"Invariant"
99	45	2007-02-28	"1339"	"Sweetheart"
27	26	2001-12-05	"134"	"Pity"
100	24	2002-01-17	"1347"	"Sweetheart"
24	4	2005-03-08	"14"	"Condiment"
48	18	2001-06-13	"14"	"Regularity"
64	29	2005-08-28	"14"	"Wigwam"
7	7	2005-06-23	"2"	"Sympathy"
7	7	2007-02-09	"2"	"Wigwam"
49	18	2001-06-13	"25"	"Regularity"
65	40	2001-07-01	"25"	"Wigwam"
41	71827	2008-09-02	"25576084"	"Millimeter"
42	4145915	2005-03-23	"25579951"	"Millimeter"
43	70030111	2003-05-28	"25585666"	"Millimeter"
44	184677	2001-07-21	"25509660"	"Millimeter"
45	70504469	2002-03-15	"25513744"	"Millimeter"
46	4145915	2005-03-23	"25534489"	"Millimeter"
47	70121937	2000-04-14	"25676482"	"Millimeter"
48	70504469	2002-03-15	"25677254"	"Millimeter"
49	241866	2002-02-17	"25615916"	"Millimeter"
50	49121	2005-06-14	"25793134"	"Millimeter"
51	49121	2005-06-14	"25703344"	"Millimeter"
104	17	2000-06-15	"2585"	"Sweetheart"
52	70316791	2002-12-12	"25861974"	"Millimeter"
53	70316791	2002-12-12	"25861246"	"Millimeter"
54	70316791	2002-12-12	"25822496"	"Millimeter"
55	184677	2001-07-21	"25835677"	"Millimeter"
56	70585742	2006-12-27	"25980293"	"Millimeter"
57	70316791	2002-12-12	"25991156"	"Millimeter"
58	70504469	2002-03-15	"25059914"	"Millimeter"
59	401557	2005-07-27	"25072101"	"Millimeter"
60	308568	2007-11-24	"25083653"	"Millimeter"
61	70030111	2003-05-28	"25036397"	"Millimeter"
62	70585742	2006-12-27	"25030297"	"Millimeter"
63	71827	2008-09-02	"25166589"	"Millimeter"
64	357952	2005-05-02	"25188607"	"Millimeter"
65	70121937	2000-04-14	"25117968"	"Millimeter"
66	401460	2007-02-26	"25137537"	"Millimeter"
67	4029188	2008-10-04	"25269130"	"Millimeter"
105	3	2005-06-15	"2520"	"Sweetheart"
23	1	2006-03-11	"2523"	"Lacrosse"
45	4	2004-01-17	"254"	"Invariant"
50	18	2001-06-13	"26"	"Regularity"
63	1	2003-06-15	"26"	"Leech"
66	7	2007-02-09	"26"	"Wigwam"
36	9	2005-12-15	"2655"	"Delegate"
106	19	2005-11-25	"2670"	"Sweetheart"
18	15	2002-11-03	"268"	"Jabbing"
107	42	2008-04-26	"2681"	"Sweetheart"
25	5	2003-11-15	"2690"	"Lacrosse"
28	8	2003-01-20	"262"	"Pity"
69	71827	2008-09-02	"26372"	"Millimeter"
25	4	2005-03-08	"27"	"Condiment"
51	18	2001-06-13	"27"	"Regularity"
67	94	2005-11-01	"27"	"Wigwam"
72	8	2003-07-21	"27"	"Screening"
37	2	2006-06-13	"2769"	"Delegate"
108	18	2005-08-01	"2709"	"Sweetheart"
27	1	2006-03-11	"2702"	"Lacrosse"
28	5	2003-11-15	"2713"	"Lacrosse"
52	19	2002-07-08	"28"	"Regularity"
68	75	2003-04-29	"28"	"Wigwam"
38	3	2001-11-19	"2856"	"Delegate"
53	19	2002-07-08	"29"	"Regularity"
69	5	2002-08-07	"29"	"Wigwam"
74	24	2007-01-18	"29"	"Screening"
54	19	2002-07-08	"20"	"Regularity"
70	75	2003-04-29	"20"	"Wigwam"
36	15	2002-11-03	"2079"	"Jabbing"
111	20	2005-10-25	"2046"	"Sweetheart"
39	10	2003-05-02	"2186"	"Delegate"
40	13	2000-12-01	"2118"	"Delegate"
112	31	2006-01-25	"2121"	"Sweetheart"
29	5	2002-06-01	"213"	"Pity"
55	20	2006-06-06	"22"	"Regularity"
7	2	2002-12-27	"22"	"Jabbing"
71	77	2001-01-05	"22"	"Wigwam"
77	2	2005-05-17	"22"	"Screening"
70	4029188	2008-10-04	"225714"	"Millimeter"
113	31	2006-01-25	"2263"	"Sweetheart"
114	6	2003-07-05	"2282"	"Sweetheart"
116	4	2005-06-28	"2221"	"Sweetheart"
26	1	2004-10-28	"23"	"Condiment"
56	20	2006-06-06	"23"	"Regularity"
72	48	2003-12-22	"23"	"Wigwam"
78	27	2004-03-09	"23"	"Screening"
41	5	2007-09-15	"2312"	"Delegate"
117	39	2000-11-14	"2321"	"Sweetheart"
57	20	2006-06-06	"24"	"Regularity"
73	33	2006-01-14	"24"	"Wigwam"
79	2	2005-05-17	"24"	"Screening"
121	39	2000-11-14	"2423"	"Sweetheart"
7	2	2007-09-28	"3"	"Regularity"
8	17	2002-05-09	"3"	"Screening"
8	8	2006-10-15	"3"	"Sympathy"
8	8	2007-05-06	"3"	"Wigwam"
58	20	2006-06-06	"35"	"Regularity"
74	77	2001-01-05	"35"	"Wigwam"
80	28	2006-10-02	"35"	"Screening"
19	15	2002-11-03	"351"	"Jabbing"
122	7	2006-09-19	"3518"	"Sweetheart"
28	7	2008-06-15	"352356"	"Little"
59	21	2007-08-22	"36"	"Regularity"
64	8	2005-06-15	"36"	"Leech"
75	77	2001-01-05	"36"	"Wigwam"
81	2	2005-05-17	"36"	"Screening"
29	11	2008-11-06	"361153"	"Little"
60	21	2007-08-22	"37"	"Regularity"
65	18	2009-06-02	"37"	"Leech"
76	7	2007-02-09	"37"	"Wigwam"
30	15	2006-09-04	"375"	"Pity"
126	18	2005-08-01	"3752"	"Sweetheart"
127	13	2002-08-09	"3775"	"Sweetheart"
42	1	2001-11-22	"3712"	"Delegate"
31	7	2006-08-10	"373"	"Pity"
61	21	2007-08-22	"38"	"Regularity"
66	10	2005-07-15	"38"	"Leech"
77	98	2008-03-09	"38"	"Wigwam"
37	17	2005-11-15	"3865"	"Jabbing"
129	17	2000-06-15	"3827"	"Sweetheart"
78	33	2006-01-14	"39"	"Wigwam"
130	32	2006-03-24	"3968"	"Sweetheart"
38	5	2006-12-28	"3962"	"Jabbing"
131	39	2000-11-14	"3981"	"Sweetheart"
71	84417	2003-03-06	"39962"	"Millimeter"
132	25	2007-10-15	"3903"	"Sweetheart"
32	1	2007-12-18	"391"	"Pity"
43	8	2009-02-24	"3948"	"Delegate"
79	9	2006-05-17	"30"	"Wigwam"
133	14	2007-03-20	"3059"	"Sweetheart"
30	3	2008-04-23	"306601"	"Little"
135	13	2002-08-09	"3094"	"Sweetheart"
80	2	2005-04-12	"31"	"Wigwam"
44	10	2003-05-02	"3169"	"Delegate"
33	26	2001-12-05	"318"	"Pity"
137	5	2003-09-20	"3102"	"Sweetheart"
81	98	2008-03-09	"32"	"Wigwam"
31	1	2002-11-11	"327205"	"Little"
139	11	2008-04-22	"3283"	"Sweetheart"
34	3	2004-05-07	"329"	"Pity"
45	9	2005-12-15	"3201"	"Delegate"
140	35	2003-09-21	"3231"	"Sweetheart"
141	6	2003-07-05	"3249"	"Sweetheart"
82	45	2000-11-15	"33"	"Wigwam"
88	30	2007-05-30	"33"	"Screening"
142	40	2001-09-26	"3363"	"Sweetheart"
65	23	2001-01-19	"34"	"Regularity"
83	97	2001-11-02	"34"	"Wigwam"
146	19	2005-11-25	"3417"	"Sweetheart"
147	1	2006-02-01	"3434"	"Sweetheart"
8	3	2007-02-20	"4"	"Regularity"
9	9	2005-07-14	"4"	"Sympathy"
9	9	2006-05-17	"4"	"Wigwam"
1	20	2008-06-27	"45"	"Pity"
66	23	2001-01-19	"45"	"Regularity"
84	49	2004-07-15	"45"	"Wigwam"
1	45	2004-01-23	"45556273"	"Chlorophyll"
2	31	2003-07-11	"45554621"	"Chlorophyll"
3	27	2005-03-21	"45566007"	"Chlorophyll"
4	71	2007-05-14	"45566280"	"Chlorophyll"
5	16	2005-10-12	"45560925"	"Chlorophyll"
6	11	2007-03-31	"45562632"	"Chlorophyll"
7	50	2005-10-15	"45575778"	"Chlorophyll"
8	62	2003-08-11	"45576212"	"Chlorophyll"
10	1	2008-05-14	"45578911"	"Chlorophyll"
11	48	2003-04-25	"45573458"	"Chlorophyll"
13	12	2004-07-23	"45589159"	"Chlorophyll"
14	28	2006-11-02	"45584083"	"Chlorophyll"
15	51	2001-02-10	"45597838"	"Chlorophyll"
16	75	2006-03-22	"45597036"	"Chlorophyll"
17	16	2005-10-12	"45599554"	"Chlorophyll"
19	74	2003-04-29	"45501095"	"Chlorophyll"
20	39	2005-09-01	"45503107"	"Chlorophyll"
21	11	2007-03-31	"45510252"	"Chlorophyll"
22	71	2007-05-14	"45514270"	"Chlorophyll"
23	52	2008-06-25	"45526803"	"Chlorophyll"
24	73	2007-05-22	"45523121"	"Chlorophyll"
25	30	2008-05-29	"45535178"	"Chlorophyll"
26	43	2006-12-27	"45538354"	"Chlorophyll"
27	4	2004-10-28	"45532122"	"Chlorophyll"
28	10	2007-09-23	"45544218"	"Chlorophyll"
29	38	2003-05-12	"45655339"	"Chlorophyll"
31	36	2004-07-12	"45657426"	"Chlorophyll"
32	3	2006-11-17	"45667714"	"Chlorophyll"
33	32	2003-05-22	"45668888"	"Chlorophyll"
34	21	2003-06-01	"45663505"	"Chlorophyll"
37	8	2001-06-26	"45677606"	"Chlorophyll"
39	79	2004-11-20	"45671377"	"Chlorophyll"
40	20	2006-01-16	"45672698"	"Chlorophyll"
41	70	2004-05-04	"45681119"	"Chlorophyll"
42	35	2008-06-08	"45605227"	"Chlorophyll"
43	64	2001-07-20	"45607801"	"Chlorophyll"
44	74	2003-04-29	"45603966"	"Chlorophyll"
46	8	2001-06-26	"45611520"	"Chlorophyll"
48	41	2003-10-03	"45621158"	"Chlorophyll"
49	30	2008-05-29	"45622479"	"Chlorophyll"
50	14	2006-02-25	"45637204"	"Chlorophyll"
51	73	2007-05-22	"45638089"	"Chlorophyll"
52	16	2005-10-12	"45634738"	"Chlorophyll"
53	34	2002-12-21	"45645050"	"Chlorophyll"
54	3	2006-11-17	"45647197"	"Chlorophyll"
55	67	2008-01-11	"45640701"	"Chlorophyll"
56	3	2006-11-17	"45642715"	"Chlorophyll"
57	8	2001-06-26	"45642881"	"Chlorophyll"
58	47	2008-04-30	"45758887"	"Chlorophyll"
59	60	2003-10-13	"45758232"	"Chlorophyll"
62	43	2006-12-27	"45782869"	"Chlorophyll"
63	9	2007-10-10	"45798832"	"Chlorophyll"
64	52	2008-06-25	"45705134"	"Chlorophyll"
65	73	2007-05-22	"45705359"	"Chlorophyll"
66	73	2007-05-22	"45701653"	"Chlorophyll"
67	22	2007-12-26	"45717768"	"Chlorophyll"
68	64	2001-07-20	"45710918"	"Chlorophyll"
69	41	2003-10-03	"45726908"	"Chlorophyll"
70	9	2007-10-10	"45727999"	"Chlorophyll"
71	38	2003-05-12	"45729530"	"Chlorophyll"
72	7	2008-06-03	"45729961"	"Chlorophyll"
74	7	2008-06-03	"45731064"	"Chlorophyll"
75	55	2008-02-15	"45734092"	"Chlorophyll"
76	36	2004-07-12	"45748936"	"Chlorophyll"
77	20	2006-01-16	"45740139"	"Chlorophyll"
78	43	2006-12-27	"45741196"	"Chlorophyll"
79	40	2003-08-29	"45744372"	"Chlorophyll"
80	55	2008-02-15	"45855020"	"Chlorophyll"
81	56	2002-12-01	"45856681"	"Chlorophyll"
82	35	2008-06-08	"45857315"	"Chlorophyll"
83	55	2008-02-15	"45868049"	"Chlorophyll"
84	31	2003-07-11	"45869858"	"Chlorophyll"
85	48	2003-04-25	"45861853"	"Chlorophyll"
86	32	2003-05-22	"45876671"	"Chlorophyll"
87	56	2002-12-01	"45870415"	"Chlorophyll"
89	69	2003-01-28	"45897651"	"Chlorophyll"
90	42	2008-04-13	"45898998"	"Chlorophyll"
91	46	2004-10-07	"45802947"	"Chlorophyll"
92	7	2008-06-03	"45804374"	"Chlorophyll"
93	13	2004-09-11	"45815356"	"Chlorophyll"
94	3	2006-11-17	"45815420"	"Chlorophyll"
96	4	2004-10-28	"45828134"	"Chlorophyll"
98	79	2004-11-20	"45822269"	"Chlorophyll"
99	28	2006-11-02	"45838117"	"Chlorophyll"
100	64	2001-07-20	"45830104"	"Chlorophyll"
101	14	2006-02-25	"45831615"	"Chlorophyll"
102	70	2004-05-04	"45832276"	"Chlorophyll"
103	51	2001-02-10	"45832217"	"Chlorophyll"
104	2	2002-07-05	"45847241"	"Chlorophyll"
105	45	2004-01-23	"45849371"	"Chlorophyll"
106	76	2006-01-27	"45841657"	"Chlorophyll"
107	41	2003-10-03	"45956315"	"Chlorophyll"
108	74	2003-04-29	"45956414"	"Chlorophyll"
109	67	2008-01-11	"45960604"	"Chlorophyll"
110	22	2007-12-26	"45960796"	"Chlorophyll"
112	5	2001-07-26	"45962263"	"Chlorophyll"
113	62	2003-08-11	"45963899"	"Chlorophyll"
114	72	2004-02-20	"45963295"	"Chlorophyll"
115	45	2004-01-23	"45972593"	"Chlorophyll"
116	30	2008-05-29	"45972609"	"Chlorophyll"
118	56	2002-12-01	"45989324"	"Chlorophyll"
119	43	2006-12-27	"45981586"	"Chlorophyll"
120	1	2008-05-14	"45981345"	"Chlorophyll"
121	55	2008-02-15	"45999796"	"Chlorophyll"
122	34	2002-12-21	"45990221"	"Chlorophyll"
123	40	2003-08-29	"45905346"	"Chlorophyll"
124	54	2008-01-29	"45902846"	"Chlorophyll"
125	60	2003-10-13	"45915875"	"Chlorophyll"
126	11	2007-03-31	"45916352"	"Chlorophyll"
127	39	2005-09-01	"45912896"	"Chlorophyll"
128	21	2003-06-01	"45928116"	"Chlorophyll"
129	22	2007-12-26	"45924329"	"Chlorophyll"
130	35	2008-06-08	"45938107"	"Chlorophyll"
133	33	2005-12-14	"45940293"	"Chlorophyll"
134	78	2001-11-27	"45941331"	"Chlorophyll"
136	74	2003-04-29	"45052071"	"Chlorophyll"
139	36	2004-07-12	"45061930"	"Chlorophyll"
140	4	2004-10-28	"45064373"	"Chlorophyll"
141	70	2004-05-04	"45076692"	"Chlorophyll"
142	30	2008-05-29	"45078340"	"Chlorophyll"
144	47	2008-04-30	"45086426"	"Chlorophyll"
145	65	2007-05-27	"45087954"	"Chlorophyll"
147	57	2004-12-10	"45089976"	"Chlorophyll"
149	47	2008-04-30	"45081235"	"Chlorophyll"
150	42	2008-04-13	"45082621"	"Chlorophyll"
151	79	2004-11-20	"45083274"	"Chlorophyll"
152	10	2007-09-23	"45096714"	"Chlorophyll"
153	25	2004-02-05	"45090188"	"Chlorophyll"
155	57	2004-12-10	"45007291"	"Chlorophyll"
156	62	2003-08-11	"45002951"	"Chlorophyll"
158	72	2004-02-20	"45004072"	"Chlorophyll"
160	66	2008-04-21	"45010119"	"Chlorophyll"
161	41	2003-10-03	"45012174"	"Chlorophyll"
162	12	2004-07-23	"45021017"	"Chlorophyll"
163	69	2003-01-28	"45022686"	"Chlorophyll"
164	28	2006-11-02	"45023395"	"Chlorophyll"
165	40	2003-08-29	"45024955"	"Chlorophyll"
166	42	2008-04-13	"45024294"	"Chlorophyll"
167	25	2004-02-05	"45031511"	"Chlorophyll"
168	72	2004-02-20	"45046016"	"Chlorophyll"
169	33	2005-12-14	"45046230"	"Chlorophyll"
170	60	2003-10-13	"45043748"	"Chlorophyll"
171	75	2006-03-22	"45155841"	"Chlorophyll"
173	50	2005-10-15	"45165444"	"Chlorophyll"
174	65	2007-05-27	"45168224"	"Chlorophyll"
175	66	2008-04-21	"45164940"	"Chlorophyll"
177	5	2001-07-26	"45176433"	"Chlorophyll"
178	62	2003-08-11	"45172711"	"Chlorophyll"
179	22	2007-12-26	"45174543"	"Chlorophyll"
180	48	2003-04-25	"45188687"	"Chlorophyll"
181	5	2001-07-26	"45182464"	"Chlorophyll"
182	12	2004-07-23	"45183371"	"Chlorophyll"
183	54	2008-01-29	"45195235"	"Chlorophyll"
184	20	2006-01-16	"45109774"	"Chlorophyll"
185	46	2004-10-07	"45101736"	"Chlorophyll"
186	36	2004-07-12	"45116688"	"Chlorophyll"
188	52	2008-06-25	"45129507"	"Chlorophyll"
190	56	2002-12-01	"45123037"	"Chlorophyll"
32	1	2002-11-11	"451233"	"Little"
191	31	2003-07-11	"45136595"	"Chlorophyll"
192	75	2006-03-22	"45138102"	"Chlorophyll"
193	51	2001-02-10	"45145305"	"Chlorophyll"
194	50	2005-10-15	"45146180"	"Chlorophyll"
196	25	2004-02-05	"45141973"	"Chlorophyll"
197	69	2003-01-28	"45144399"	"Chlorophyll"
198	21	2003-06-01	"45144439"	"Chlorophyll"
201	2	2002-07-05	"45261995"	"Chlorophyll"
202	27	2005-03-21	"45275326"	"Chlorophyll"
203	13	2004-09-11	"45276763"	"Chlorophyll"
204	67	2008-01-11	"45271000"	"Chlorophyll"
205	11	2007-03-31	"45284153"	"Chlorophyll"
206	78	2001-11-27	"45299011"	"Chlorophyll"
207	42	2008-04-13	"45299476"	"Chlorophyll"
208	2	2002-07-05	"45290026"	"Chlorophyll"
209	21	2003-06-01	"45291356"	"Chlorophyll"
210	28	2006-11-02	"45205291"	"Chlorophyll"
211	46	2004-10-07	"45206529"	"Chlorophyll"
212	2	2002-07-05	"45207164"	"Chlorophyll"
213	38	2003-05-12	"45208343"	"Chlorophyll"
214	16	2005-10-12	"45209475"	"Chlorophyll"
215	38	2003-05-12	"45201272"	"Chlorophyll"
217	51	2001-02-10	"45210760"	"Chlorophyll"
218	40	2003-08-29	"45213739"	"Chlorophyll"
221	9	2007-10-10	"45235320"	"Chlorophyll"
222	65	2007-05-27	"45237468"	"Chlorophyll"
223	32	2003-05-22	"45232614"	"Chlorophyll"
224	27	2005-03-21	"45232713"	"Chlorophyll"
225	76	2006-01-27	"45242581"	"Chlorophyll"
226	69	2003-01-28	"45367091"	"Chlorophyll"
228	72	2004-02-20	"45374681"	"Chlorophyll"
229	1	2008-05-14	"45387501"	"Chlorophyll"
230	78	2001-11-27	"45387487"	"Chlorophyll"
231	32	2003-05-22	"45388881"	"Chlorophyll"
232	39	2005-09-01	"45389721"	"Chlorophyll"
234	64	2001-07-20	"45396106"	"Chlorophyll"
235	66	2008-04-21	"45392154"	"Chlorophyll"
236	25	2004-02-05	"45305554"	"Chlorophyll"
237	48	2003-04-25	"45300544"	"Chlorophyll"
238	5	2001-07-26	"45303763"	"Chlorophyll"
239	13	2004-09-11	"45304654"	"Chlorophyll"
240	14	2006-02-25	"45314248"	"Chlorophyll"
241	76	2006-01-27	"45320668"	"Chlorophyll"
242	66	2008-04-21	"45320914"	"Chlorophyll"
244	33	2005-12-14	"45334057"	"Chlorophyll"
245	70	2004-05-04	"45346350"	"Chlorophyll"
246	54	2008-01-29	"45347556"	"Chlorophyll"
247	79	2004-11-20	"45340468"	"Chlorophyll"
249	71	2007-05-14	"45466545"	"Chlorophyll"
250	60	2003-10-13	"45468301"	"Chlorophyll"
251	4	2004-10-28	"45461437"	"Chlorophyll"
253	67	2008-01-11	"45478260"	"Chlorophyll"
254	39	2005-09-01	"45472170"	"Chlorophyll"
255	65	2007-05-27	"45474802"	"Chlorophyll"
256	57	2004-12-10	"45486329"	"Chlorophyll"
257	27	2005-03-21	"45482920"	"Chlorophyll"
258	9	2007-10-10	"45496098"	"Chlorophyll"
259	45	2004-01-23	"45499025"	"Chlorophyll"
260	20	2006-01-16	"45490006"	"Chlorophyll"
262	54	2008-01-29	"45492028"	"Chlorophyll"
263	8	2001-06-26	"45492341"	"Chlorophyll"
266	47	2008-04-30	"45402639"	"Chlorophyll"
267	50	2005-10-15	"45402896"	"Chlorophyll"
268	34	2002-12-21	"45402928"	"Chlorophyll"
269	78	2001-11-27	"45410055"	"Chlorophyll"
270	71	2007-05-14	"45411028"	"Chlorophyll"
271	10	2007-09-23	"45413305"	"Chlorophyll"
272	10	2007-09-23	"45429212"	"Chlorophyll"
273	31	2003-07-11	"45421738"	"Chlorophyll"
274	75	2006-03-22	"45437886"	"Chlorophyll"
275	52	2008-06-25	"45437399"	"Chlorophyll"
276	7	2008-06-03	"45430937"	"Chlorophyll"
277	14	2006-02-25	"45431943"	"Chlorophyll"
279	57	2004-12-10	"45446598"	"Chlorophyll"
67	23	2001-01-19	"46"	"Regularity"
85	44	2004-05-05	"46"	"Wigwam"
148	43	2001-03-03	"4659"	"Sweetheart"
46	1	2001-11-22	"461t55"	"Delegate"
47	8	2009-02-24	"462t53"	"Delegate"
149	19	2005-11-25	"4626"	"Sweetheart"
33	8	2005-09-01	"463927"	"Little"
67	11	2006-06-15	"47"	"Leech"
68	23	2001-01-19	"47"	"Regularity"
86	97	2001-11-02	"47"	"Wigwam"
151	23	2002-03-14	"4767"	"Sweetheart"
152	2	2004-02-02	"4770"	"Sweetheart"
39	16	2000-04-18	"4798"	"Jabbing"
155	45	2007-02-28	"4722"	"Sweetheart"
27	1	2004-10-28	"48"	"Condiment"
68	7	2005-02-15	"48"	"Leech"
87	44	2004-05-05	"48"	"Wigwam"
158	22	2002-11-26	"4830"	"Sweetheart"
88	94	2005-11-01	"49"	"Wigwam"
48	12	2006-09-27	"4951"	"Delegate"
160	17	2000-06-15	"4993"	"Sweetheart"
89	4	2008-09-01	"40"	"Wigwam"
35	2	2009-02-27	"407"	"Pity"
28	6	2009-02-18	"41"	"Condiment"
90	96	2006-01-31	"41"	"Wigwam"
49	2	2006-06-13	"4179"	"Delegate"
162	40	2001-09-26	"4139"	"Sweetheart"
163	42	2008-04-26	"4134"	"Sweetheart"
91	97	2001-11-02	"42"	"Wigwam"
97	14	2005-01-05	"42"	"Screening"
50	1	2001-11-22	"4204"	"Delegate"
51	7	2005-04-11	"422t50"	"Delegate"
92	98	2008-03-09	"43"	"Wigwam"
98	24	2007-01-18	"43"	"Screening"
166	23	2002-03-14	"4372"	"Sweetheart"
167	24	2002-01-17	"4395"	"Sweetheart"
34	1	2002-11-11	"439878"	"Little"
93	1	2000-09-01	"44"	"Wigwam"
99	16	2005-10-21	"44"	"Screening"
35	11	2008-11-06	"441593"	"Little"
72	70030111	2003-05-28	"44246"	"Millimeter"
1	14	2007-12-12	"N55-OAYV70YV"	"Inexperience"
2	15	2007-11-27	"N55-OHZF79YB"	"Inexperience"
3	6	2002-05-01	"N55-PNZH65IV"	"Inexperience"
4	13	2008-01-19	"N55-PNFY7355"	"Inexperience"
5	12	2007-10-10	"N55-PEPE5155"	"Inexperience"
6	4	2002-10-09	"N55-TNTH5655"	"Inexperience"
9	6	2002-05-01	"N55-CPPN50ZV"	"Inexperience"
11	5	2002-11-24	"N56-802"	"Inexperience"
12	5	2002-11-24	"N57-NZTH76CN6"	"Inexperience"
14	4	2002-10-09	"N65-N61-NYVPR"	"Inexperience"
15	1	2000-12-12	"O55-ON89"	"Inexperience"
17	1	2000-12-12	"O55-QAS25"	"Inexperience"
18	11	2007-03-12	"O55-SE20"	"Inexperience"
19	5	2002-11-24	"O55-AS89A"	"Inexperience"
20	8	2006-04-18	"O55-CZ76A"	"Inexperience"
21	6	2002-05-01	"O55-FV34"	"Inexperience"
22	13	2008-01-19	"O55-FY64"	"Inexperience"
24	5	2002-11-24	"O56-ZGZ29"	"Inexperience"
25	15	2007-11-27	"O51-OS5799Z56"	"Inexperience"
27	11	2007-03-12	"O51-ZZ5810S76"	"Inexperience"
29	13	2008-01-19	"O52-0145192"	"Inexperience"
30	11	2007-03-12	"P55-PGFA65VR6"	"Inexperience"
32	8	2006-04-18	"P55-YEJY79OR6"	"Inexperience"
33	12	2007-10-10	"P55-ZEZE65OR6"	"Inexperience"
34	3	2006-02-14	"P55-ZFEO50OB6"	"Inexperience"
35	9	2005-11-06	"P55-CBZH65OR6"	"Inexperience"
37	14	2007-12-12	"P55-FIYP79OR6"	"Inexperience"
39	14	2007-12-12	"P55-GAQE75CN6"	"Inexperience"
40	2	2008-06-23	"P57-OT515627"	"Inexperience"
42	8	2006-04-18	"P58-61521303"	"Inexperience"
43	9	2005-11-06	"Q55-65"	"Inexperience"
44	14	2007-12-12	"Q55-63"	"Inexperience"
45	15	2007-11-27	"Q55-89"	"Inexperience"
46	3	2006-02-14	"Q50-PY-45"	"Inexperience"
47	6	2002-05-01	"Q50-FN-81"	"Inexperience"
48	4	2002-10-09	"Q53-TZ50Z56Q"	"Inexperience"
49	1	2000-12-12	"Q53-CT61Z85Q"	"Inexperience"
51	2	2008-06-23	"Q66-596"	"Inexperience"
52	11	2007-03-12	"R58-85OG5982"	"Inexperience"
53	12	2007-10-10	"R58-83YB5104"	"Inexperience"
54	9	2005-11-06	"R50-54"	"Inexperience"
55	1	2000-12-12	"R51-PT585803"	"Inexperience"
56	15	2007-11-27	"R53-GERFC580"	"Inexperience"
57	4	2002-10-09	"R65-ZN92"	"Inexperience"
58	12	2007-10-10	"R65-CT9"	"Inexperience"
1	34	2002-08-08	"Z65565"	"Pick"
2	1	2000-12-19	"Z65682"	"Pick"
3	75	2008-03-29	"Z65624"	"Pick"
4	2	2005-05-16	"Z65774"	"Pick"
5	3	2006-02-23	"Z65783"	"Pick"
6	4	2001-07-06	"Z65700"	"Pick"
7	5	2003-03-03	"Z65049"	"Pick"
8	71	2004-06-14	"Z65152"	"Pick"
9	67	2008-03-02	"Z65103"	"Pick"
10	6	2007-04-13	"Z65104"	"Pick"
11	7	2003-01-15	"Z65115"	"Pick"
12	30	2005-10-22	"Z65116"	"Pick"
13	8	2007-04-06	"Z65128"	"Pick"
14	7	2003-01-15	"Z65280"	"Pick"
15	67	2008-03-02	"Z65212"	"Pick"
17	10	2003-07-03	"Z65311"	"Pick"
18	55	2003-12-30	"Z66554"	"Pick"
20	11	2005-04-24	"Z66598"	"Pick"
21	48	2005-04-11	"Z66636"	"Pick"
23	13	2001-07-28	"Z66850"	"Pick"
24	59	2006-06-29	"Z66862"	"Pick"
25	14	2007-07-30	"Z66806"	"Pick"
26	17	2003-01-08	"Z66839"	"Pick"
27	15	2002-03-23	"Z66844"	"Pick"
28	16	2006-07-01	"Z66955"	"Pick"
29	17	2003-01-08	"Z66968"	"Pick"
30	18	2000-04-18	"Z66961"	"Pick"
31	19	2007-07-27	"Z66132"	"Pick"
32	20	2001-10-15	"Z66213"	"Pick"
33	21	2007-11-02	"Z66339"	"Pick"
34	22	2002-04-10	"Z67918"	"Pick"
35	23	2008-07-15	"Z67949"	"Pick"
37	24	2004-10-19	"Z67135"	"Pick"
38	79	2006-11-06	"Z67251"	"Pick"
39	63	2005-09-21	"Z67279"	"Pick"
41	23	2008-07-15	"Z67284"	"Pick"
42	36	2008-01-08	"Z67294"	"Pick"
44	15	2002-03-23	"Z67210"	"Pick"
45	27	2000-07-01	"Z67249"	"Pick"
46	28	2007-10-10	"Z67244"	"Pick"
47	76	2005-12-15	"Z67379"	"Pick"
48	41	2001-08-21	"Z67389"	"Pick"
49	40	2001-06-07	"Z67398"	"Pick"
50	22	2002-04-10	"Z67316"	"Pick"
51	66	2006-06-28	"Z67317"	"Pick"
52	37	2005-04-07	"Z67408"	"Pick"
53	21	2007-11-02	"Z67414"	"Pick"
56	30	2005-10-22	"Z68598"	"Pick"
57	31	2005-12-21	"Z68651"	"Pick"
58	13	2001-07-28	"Z68674"	"Pick"
59	10	2003-07-03	"Z68698"	"Pick"
60	32	2004-01-15	"Z68606"	"Pick"
62	53	2004-09-27	"Z68623"	"Pick"
63	33	2006-12-05	"Z68765"	"Pick"
64	34	2002-08-08	"Z68789"	"Pick"
66	36	2008-01-08	"Z69952"	"Pick"
67	30	2005-10-22	"Z69977"	"Pick"
68	37	2005-04-07	"Z69992"	"Pick"
69	75	2008-03-29	"Z69928"	"Pick"
70	31	2005-12-21	"Z69939"	"Pick"
71	46	2007-06-12	"Z69063"	"Pick"
73	24	2004-10-19	"Z69177"	"Pick"
74	32	2004-01-15	"Z69185"	"Pick"
75	20	2001-10-15	"Z69109"	"Pick"
76	33	2006-12-05	"Z69123"	"Pick"
77	6	2007-04-13	"Z69269"	"Pick"
78	38	2008-08-25	"Z69262"	"Pick"
79	40	2001-06-07	"Z69450"	"Pick"
80	4	2001-07-06	"Z69440"	"Pick"
81	19	2007-07-27	"Z60597"	"Pick"
82	39	2008-10-14	"Z60502"	"Pick"
83	52	2008-02-26	"Z60655"	"Pick"
84	21	2007-11-02	"Z60627"	"Pick"
85	10	2003-07-03	"Z60757"	"Pick"
86	51	2004-10-15	"Z60792"	"Pick"
87	2	2005-05-16	"Z60732"	"Pick"
88	58	2006-01-27	"Z60837"	"Pick"
90	30	2005-10-22	"Z60074"	"Pick"
91	7	2003-01-15	"Z60095"	"Pick"
92	60	2004-10-17	"Z60023"	"Pick"
93	40	2001-06-07	"Z60252"	"Pick"
94	41	2001-08-21	"Z60241"	"Pick"
95	72	2005-06-06	"Z60366"	"Pick"
96	70	2004-06-02	"Z60444"	"Pick"
99	18	2000-04-18	"Z61729"	"Pick"
102	52	2008-02-26	"Z61994"	"Pick"
103	44	2004-11-12	"Z61914"	"Pick"
105	45	2008-07-15	"Z61018"	"Pick"
106	24	2004-10-19	"Z61022"	"Pick"
107	46	2007-06-12	"Z61171"	"Pick"
108	47	2005-12-08	"Z61189"	"Pick"
109	48	2005-04-11	"Z61134"	"Pick"
110	64	2007-08-22	"Z61259"	"Pick"
111	32	2004-01-15	"Z61368"	"Pick"
112	49	2000-07-15	"Z62674"	"Pick"
113	2	2005-05-16	"Z62859"	"Pick"
115	4	2001-07-06	"Z62072"	"Pick"
117	6	2007-04-13	"Z62031"	"Pick"
119	3	2006-02-23	"Z62246"	"Pick"
120	71	2004-06-14	"Z62380"	"Pick"
121	50	2007-06-30	"Z62391"	"Pick"
122	51	2004-10-15	"Z62477"	"Pick"
123	52	2008-02-26	"Z62491"	"Pick"
124	55	2003-12-30	"Z63546"	"Pick"
125	53	2004-09-27	"Z63680"	"Pick"
126	17	2003-01-08	"Z63627"	"Pick"
127	27	2000-07-01	"Z63628"	"Pick"
128	49	2000-07-15	"Z63726"	"Pick"
129	54	2006-07-18	"Z63975"	"Pick"
130	50	2007-06-30	"Z63949"	"Pick"
132	41	2001-08-21	"Z63395"	"Pick"
133	55	2003-12-30	"Z63464"	"Pick"
134	70	2004-06-02	"Z63404"	"Pick"
135	60	2004-10-17	"Z63440"	"Pick"
138	31	2005-12-21	"Z75883"	"Pick"
139	64	2007-08-22	"Z75836"	"Pick"
144	36	2008-01-08	"Z75284"	"Pick"
145	11	2005-04-24	"Z75204"	"Pick"
148	17	2003-01-08	"Z70711"	"Pick"
149	34	2002-08-08	"Z70822"	"Pick"
150	15	2002-03-23	"Z70991"	"Pick"
151	58	2006-01-27	"Z70062"	"Pick"
154	78	2005-12-03	"Z70264"	"Pick"
155	45	2008-07-15	"Z70281"	"Pick"
156	48	2005-04-11	"Z70282"	"Pick"
157	54	2006-07-18	"Z70236"	"Pick"
158	32	2004-01-15	"Z70310"	"Pick"
159	47	2005-12-08	"Z70331"	"Pick"
160	60	2004-10-17	"Z70495"	"Pick"
161	11	2005-04-24	"Z70492"	"Pick"
162	33	2006-12-05	"Z70431"	"Pick"
163	34	2002-08-08	"Z71537"	"Pick"
164	61	2007-12-15	"Z71541"	"Pick"
166	62	2007-06-12	"Z71691"	"Pick"
167	23	2008-07-15	"Z71790"	"Pick"
168	63	2005-09-21	"Z71884"	"Pick"
169	64	2007-08-22	"Z71913"	"Pick"
170	46	2007-06-12	"Z71942"	"Pick"
171	74	2005-04-28	"Z71115"	"Pick"
172	60	2004-10-17	"Z71290"	"Pick"
173	3	2006-02-23	"Z71359"	"Pick"
175	52	2008-02-26	"Z71452"	"Pick"
176	58	2006-01-27	"Z71473"	"Pick"
177	66	2006-06-28	"Z71424"	"Pick"
178	51	2004-10-15	"Z71430"	"Pick"
180	70	2004-06-02	"Z72500"	"Pick"
181	67	2008-03-02	"Z72604"	"Pick"
182	53	2004-09-27	"Z72892"	"Pick"
183	58	2006-01-27	"Z72842"	"Pick"
185	38	2008-08-25	"Z72992"	"Pick"
186	72	2005-06-06	"Z72911"	"Pick"
190	71	2004-06-14	"Z72453"	"Pick"
191	14	2007-07-30	"Z73505"	"Pick"
192	70	2004-06-02	"Z73789"	"Pick"
194	71	2004-06-14	"Z73043"	"Pick"
195	61	2007-12-15	"Z73110"	"Pick"
198	28	2007-10-10	"Z73147"	"Pick"
199	5	2003-03-03	"Z73311"	"Pick"
201	44	2004-11-12	"Z74615"	"Pick"
203	72	2005-06-06	"Z74779"	"Pick"
205	66	2006-06-28	"Z74874"	"Pick"
206	16	2006-07-01	"Z74183"	"Pick"
207	74	2005-04-28	"Z74121"	"Pick"
208	74	2005-04-28	"Z74123"	"Pick"
209	11	2005-04-24	"Z74284"	"Pick"
210	37	2005-04-07	"Z74459"	"Pick"
211	76	2005-12-15	"Z74493"	"Pick"
212	73	2007-05-30	"Z74406"	"Pick"
213	46	2007-06-12	"Z74434"	"Pick"
214	73	2007-05-30	"Z85555"	"Pick"
215	50	2007-06-30	"Z85652"	"Pick"
216	16	2006-07-01	"Z85693"	"Pick"
217	3	2006-02-23	"Z85710"	"Pick"
218	24	2004-10-19	"Z85736"	"Pick"
219	62	2007-06-12	"Z85976"	"Pick"
220	75	2008-03-29	"Z85120"	"Pick"
221	38	2008-08-25	"Z85253"	"Pick"
222	39	2008-10-14	"Z85204"	"Pick"
223	28	2007-10-10	"Z85241"	"Pick"
224	31	2005-12-21	"Z85450"	"Pick"
225	8	2007-04-06	"Z85474"	"Pick"
226	16	2006-07-01	"Z85431"	"Pick"
227	54	2006-07-18	"Z86663"	"Pick"
228	74	2005-04-28	"Z86607"	"Pick"
229	73	2007-05-30	"Z86734"	"Pick"
230	78	2005-12-03	"Z86851"	"Pick"
232	63	2005-09-21	"Z86862"	"Pick"
233	79	2006-11-06	"Z86885"	"Pick"
234	63	2005-09-21	"Z86063"	"Pick"
235	75	2008-03-29	"Z86028"	"Pick"
236	62	2007-06-12	"Z86029"	"Pick"
237	80	2008-10-28	"Z86198"	"Pick"
238	47	2005-12-08	"Z86114"	"Pick"
239	76	2005-12-15	"Z86265"	"Pick"
241	66	2006-06-28	"Z86377"	"Pick"
242	79	2006-11-06	"Z86307"	"Pick"
246	78	2005-12-03	"Z87683"	"Pick"
248	78	2005-12-03	"Z87929"	"Pick"
249	39	2008-10-14	"Z87276"	"Pick"
250	79	2006-11-06	"Z87286"	"Pick"
251	67	2008-03-02	"Z87345"	"Pick"
252	45	2008-07-15	"Z87476"	"Pick"
253	19	2007-07-27	"Z88573"	"Pick"
255	45	2008-07-15	"Z88507"	"Pick"
256	80	2008-10-28	"Z88520"	"Pick"
257	39	2008-10-14	"Z88632"	"Pick"
258	61	2007-12-15	"Z88705"	"Pick"
259	80	2008-10-28	"Z88848"	"Pick"
260	73	2007-05-30	"Z88109"	"Pick"
261	64	2007-08-22	"Z89534"	"Pick"
263	38	2008-08-25	"Z89805"	"Pick"
265	61	2007-12-15	"Z89034"	"Pick"
266	80	2008-10-28	"Z89267"	"Pick"
267	50	2007-06-30	"Z89319"	"Pick"
2	1	2000-08-10	"Ivr_556"	"Vie"
3	1	2000-08-10	"Ivr_557"	"Vie"
4	2	2000-08-31	"Ivr_559"	"Vie"
6	2	2000-08-31	"Ivr_551"	"Vie"
7	3	2000-11-12	"Ivr_552"	"Vie"
8	3	2000-11-12	"Ivr_553"	"Vie"
9	3	2000-11-12	"Ivr_554"	"Vie"
10	4	2001-06-08	"Ivr_565"	"Vie"
11	4	2001-06-08	"Ivr_566"	"Vie"
12	4	2001-06-08	"Ivr_567"	"Vie"
13	5	2001-09-13	"Ivr_568"	"Vie"
14	5	2001-09-13	"Ivr_569"	"Vie"
15	5	2001-09-13	"Ivr_560"	"Vie"
16	6	2001-11-20	"Ivr_561"	"Vie"
17	6	2001-11-20	"Ivr_562"	"Vie"
18	6	2001-11-20	"Ivr_563"	"Vie"
19	7	2001-12-28	"Ivr_564"	"Vie"
20	7	2001-12-28	"Ivr_575"	"Vie"
22	8	2001-12-31	"Ivr_577"	"Vie"
25	9	2002-01-07	"Ivr_570"	"Vie"
26	9	2002-01-07	"Ivr_571"	"Vie"
27	9	2002-01-07	"Ivr_572"	"Vie"
28	10	2002-05-15	"Ivr_573"	"Vie"
29	10	2002-05-15	"Ivr_574"	"Vie"
30	10	2002-05-15	"Ivr_585"	"Vie"
31	11	2002-09-10	"Ivr_586"	"Vie"
32	11	2002-09-10	"Ivr_587"	"Vie"
33	11	2002-09-10	"Ivr_588"	"Vie"
34	12	2002-10-09	"Ivr_589"	"Vie"
35	12	2002-10-09	"Ivr_580"	"Vie"
36	12	2002-10-09	"Ivr_581"	"Vie"
37	13	2002-11-26	"Ivr_582"	"Vie"
38	13	2002-11-26	"Ivr_583"	"Vie"
39	13	2002-11-26	"Ivr_584"	"Vie"
40	14	2003-01-28	"Ivr_595"	"Vie"
41	14	2003-01-28	"Ivr_596"	"Vie"
42	14	2003-01-28	"Ivr_597"	"Vie"
43	15	2003-02-14	"Ivr_598"	"Vie"
44	15	2003-02-14	"Ivr_599"	"Vie"
46	16	2003-03-18	"Ivr_591"	"Vie"
47	16	2003-03-18	"Ivr_592"	"Vie"
48	16	2003-03-18	"Ivr_593"	"Vie"
50	7	2001-12-28	"Ivr_508"	"Vie"
52	8	2001-12-31	"Ivr_501"	"Vie"
53	15	2003-02-14	"Ivr_502"	"Vie"
54	19	2004-01-09	"Ivr_503"	"Vie"
55	20	2004-04-21	"Ivr_516"	"Vie"
56	20	2004-04-21	"Ivr_517"	"Vie"
57	20	2004-04-21	"Ivr_518"	"Vie"
58	21	2004-05-04	"Ivr_519"	"Vie"
59	21	2004-05-04	"Ivr_510"	"Vie"
61	8	2001-12-31	"Ivr_514"	"Vie"
62	23	2005-06-17	"Ivr_525"	"Vie"
63	23	2005-06-17	"Ivr_526"	"Vie"
64	23	2005-06-17	"Ivr_527"	"Vie"
65	24	2005-07-28	"Ivr_528"	"Vie"
66	24	2005-07-28	"Ivr_529"	"Vie"
67	24	2005-07-28	"Ivr_520"	"Vie"
68	25	2006-04-15	"Ivr_521"	"Vie"
69	25	2006-04-15	"Ivr_522"	"Vie"
70	25	2006-04-15	"Ivr_523"	"Vie"
71	26	2006-09-24	"Ivr_524"	"Vie"
72	26	2006-09-24	"Ivr_535"	"Vie"
73	26	2006-09-24	"Ivr_536"	"Vie"
74	27	2006-10-08	"Ivr_537"	"Vie"
75	27	2006-10-08	"Ivr_538"	"Vie"
76	27	2006-10-08	"Ivr_539"	"Vie"
77	28	2007-02-05	"Ivr_530"	"Vie"
78	28	2007-02-05	"Ivr_531"	"Vie"
80	35	2009-03-04	"Ivr_534"	"Vie"
81	28	2007-02-05	"Ivr_545"	"Vie"
84	32	2008-01-11	"Ivr_542"	"Vie"
85	32	2008-01-11	"Ivr_543"	"Vie"
86	32	2008-01-11	"Ivr_544"	"Vie"
87	33	2008-04-21	"Ivr_655"	"Vie"
88	33	2008-04-21	"Ivr_656"	"Vie"
89	33	2008-04-21	"Ivr_657"	"Vie"
90	2	2000-08-31	"Ivr_659"	"Vie"
91	21	2004-05-04	"Ivr_650"	"Vie"
92	34	2008-12-02	"Ivr_651"	"Vie"
93	34	2008-12-02	"Ivr_652"	"Vie"
94	34	2008-12-02	"Ivr_653"	"Vie"
95	35	2009-03-04	"Ivr_654"	"Vie"
97	1	2000-08-10	"Ivr_668"	"Vie"
98	35	2009-03-04	"Ivr_662"	"Vie"
99	19	2004-01-09	"Ivr_663"	"Vie"
100	19	2004-01-09	"Ivr_664"	"Vie"
